user,tweet_content,category
elonmusk,"Great song 
https://t.co/TpFcobGrch",Unknown
elonmusk,@LibertyCappy Such a strange dichotomy â€¦,Unknown
elonmusk,Such a great day in so many ways,Unknown
elonmusk,@BillyM2k Lmaoooo,web3 meme
elonmusk,@alx Same,Unknown
elonmusk,"@RampCapitalLLC Hear, hear!",Unknown
elonmusk,@nicksortor @nypost !!,Unknown
elonmusk,@KimDotcom lol,web3 meme
elonmusk,@wrong_speak Theyâ€™ll survive â€¦ somehow â€¦,Unknown
elonmusk,@DrJBhattacharya Fate hates hypocrisy,Unknown
elonmusk,"@PopBase Just Shatner, LeBron and King",Unknown
elonmusk,@Jason As they should,Unknown
elonmusk,@BillyM2k @ericnakagawa ğŸ¤£,web3 meme
elonmusk,@StephenKing @amayamario Youâ€™re welcome namaste ğŸ™,Unknown
elonmusk,@cb_doge @NBCUniversal It is  insane to trust any â€œsocial networkâ€ or â€œsearchâ€ company that wonâ€™t show you their source code,Web3 Activities and Events
elonmusk,@KanekoaTheGreat And always will be,Unknown
elonmusk,@KanekoaTheGreat Exactly,Unknown
elonmusk,@TitterDaily Iâ€™m paying for a few personally,Unknown
elonmusk,@Anc_Aesthetics Good thread,Unknown
POTUS,"Our climate bill wasnâ€™t just the most significant investment to fight climate change ever â€“ it'll also create millions of new jobs in the clean energy economy.  
 
We're proving that good climate policy is good economic policy.",Unknown
POTUS,"Together with @VP, we're making incredible progress creating a booming clean energy economy.
Â 
One that promotes innovation and entrepreneurship.
Â 
And one that creates good-paying jobs to rebuild our middle class. https://t.co/lLw83u0C3s",Unknown
POTUS,"It was my pleasure to welcome President @petrogustavo to the White House.
 
Colombia is the keystone of our shared efforts to build a more prosperous, equal, and democratic hemisphere. https://t.co/jrXY9vM0TI",Unknown
POTUS,"Together with Colombia, we're tackling climate change, strengthening our economies, and combating drug trafficking.

As we begin the next century of our partnership, I'm eager to deepen and develop our cooperation.",Unknown
POTUS,"We stand at a moment of great climate peril, but also great possibility.
 
With the right commitment and follow through, the goal of limiting warming to 1.5 degrees can stay within reach.
 
It will take all of us â€“ not just one of us or some of us â€“ to meet this moment. https://t.co/AwMJM2Hbi5",Unknown
POTUS,"The MAGA House budget is simple: discretionary spending cuts for things like housing, child care, and veterans health care. And tax cuts for the wealthiest Americans. https://t.co/cZRGoDUBju",Crypto and Markets
POTUS,"Let's get this straight:

MAGA House Republicans are holding the economy hostage to prevent student debt relief from happening, while making it easier for the rich to cheat on their taxes.

Shows you whose side they're on. https://t.co/horYtFRsx5",Crypto and Markets
POTUS,No billionaire should be paying a lower tax rate than a schoolteacher or a firefighter.,Unknown
POTUS,"As I address the Major Economies Forum on our climate challenges, let me make a few things clear:
 
We are committed to following the science.
We are determined to strengthen our actions.
We will do what it takes to limit global warming to 1.5 degrees Celsius.",Unknown
POTUS,Join me as I convene a meeting of the Major Economies Forum on Energy and Climate. https://t.co/bChAh8r9I7,web3 activities and events
POTUS,We should be talking about growing the economy â€“ not sending it into catastrophic default. https://t.co/gJbDTKy5Ye,Crypto and Markets
POTUS,"For decades, our friends across the aisle have said the best way to grow the economy is from the top down and watch the benefits trickle down to everyone else.
 
But like most of you, I grew up in a family where those benefits didnâ€™t trickle down to our kitchen table. https://t.co/7PJbQq6Tw6",Unknown
POTUS,"MAGA Republicans in Congress want to increase the deficit and let corporations go back to paying zero in federal income tax.
 
They want the Trump tax cuts to be permanent.
 
And they donâ€™t want to pay for them. https://t.co/B6xfvDVkWi",Unknown
POTUS,MAGA Republicans in Congress want to hand Big Pharma their power back.,Crypto and Markets
POTUS,"Health care and education cuts for working- and middle-class Americans, and tax cuts for those at the top.
 
Itâ€™s not about fiscal discipline.
 
Itâ€™s about finding ways to squeeze more out of Americaâ€™s middle class.
 
That's the MAGA economic agenda.",Unknown
POTUS,"Rewarding wealth, not work, hollows out the middle class. https://t.co/ihnTB2yrV9",Web3 Research Output
POTUS,"I canâ€™t think of a better place to talk about the progress weâ€™ve made together than at a union hall.
 
As Iâ€™ve said: Wall Street didnâ€™t build America.
 
The middle class built America. And unions built the middle class.",web3 activities and events
POTUS,"Just two days ago, the Speaker of the House Kevin McCarthy went to Wall Street to describe the MAGA economic vision: massive cuts to programs you count on, massive benefits protected for those at the top.

Folks, itâ€™s the same old trickle-down dressed up in MAGA clothing.",Crypto and Markets
POTUS,"Today, I'm headed to a union hall in Maryland to talk about how this Administration is rewarding work, not wealth.",Unknown
POTUS,Ban assault weapons â€“ itâ€™s beyond time.,Unknown
BillGates,"Chickpeas? Garbanzo beans?  
 
No matter what you call these little round legumes, they are one of the best ingredients to help improve gut health and tackle malnutrition. Listen to this weekâ€™s â€œMake Me Care Aboutâ€¦â€ to learn more: https://t.co/Uy55srybe6 https://t.co/bywbEfxXRP",Unknown
BillGates,"This week in In San Diego, I got to talk with @jessieww about the issues with todayâ€™s math curriculaâ€”and the promises the future holds. https://t.co/BRxKtpa2pz",Unknown
BillGates,"For decades, weâ€™ve been fighting back against deadly diseases by expanding access to lifesaving vaccines. Coming out of the pandemic, weâ€™re facing new challenges to #BuildBackImmunityâ€“and past successes have proven that we can overcome these challenges together. https://t.co/PF8Af8zUyl",Unknown
BillGates,"Itâ€™s always great catching up with @jessieww. We chatted about math, edtech, AI, and human ingenuity. Hereâ€™s a look at our conversation. https://t.co/oT7pdEXRY4",Unknown
BillGates,"I had a lot of fun meeting @CheechMarin, experiencing @TheCheechCenter, and learning a lot about his work to support the arts, education, and economic mobility for Mexican Americans. https://t.co/NXOHub9Scd",Unknown
BillGates,"I am so impressed with Eva Nangaloâ€”itâ€™s hard not to be. Sheâ€™s spent decades making childbirth safer in Uganda for everyone involved, and sheâ€™s become a mentor to countless other midwives in the process. https://t.co/79RHbrCt01",Unknown
BillGates,Iâ€™m grateful for the Lauder familyâ€™s dedication to solving Alzheimerâ€™s. https://t.co/vX0qtjBFxt,Unknown
BillGates,Iâ€™m excited to see @devisridharâ€˜s book in paperback. Her way of thinking about preparing for the next pandemic is one we should all pay attention to. https://t.co/g0HLziFG8q,Unknown
BillGates,"Happy Birthday, @WHO. Thank you for working to build a healthier future for us all. #WorldHealthDay https://t.co/CbIbUIv91c",Unknown
BillGates,Itâ€™s fascinating to see this enormous data digitization collaboration between @NMNH and other natural history museums around the world. https://t.co/7MkKeYNQtD,Web3 activities and events
BillGates,"Conversations about building a brighter future are essential to driving progress. And when the topic is clean energy, I'm always excited to listen. https://t.co/fagifaBur6",Unknown
BillGates,"When I transitioned from @Microsoft to working full-time at the @GatesFoundation, I finally had the time to learn more about physics, chemistry, biology, and other sciences. So, I looked around for the best books and read as many of them as I could find. https://t.co/z2D5xGSeMj",Unknown
BillGates,"Iâ€™m excited about @gatesfoundationâ€™s new podcast. The opportunities to reduce inequity are out there, and @JenHatmaker does a wonderful job of showcasing innovative solutions to pressing global issues. https://t.co/Xalos3mSeP",web3 activities and events
BillGates,"With the right mindset, progress is possible. https://t.co/v8ov4OlqZ2",Unknown
BillGates,"This is how close we are to truly self-driving cars (info from @SAEIntl). I believe weâ€™ll reach a tipping point within the next decade. When we do, AVs will change transportation as dramatically as the PC changed office work. https://t.co/E5hs17CG8b",web3 announcements
BillGates,Iâ€™m a car guy who enjoys the meditative (and fun) aspects of drivingâ€“but Iâ€™m also eagerly anticipating the day when I can hand over the keys to a machine. https://t.co/aMQjTLZVT1,Unknown
BillGates,Thank you @JNkengasong for your continued leadership. We look forward to building on @PEPFARâ€™s progress and saving millions more lives. https://t.co/kVx7xcW2Wp,Unknown
BillGates,"Thank you @SecBlinken. I look forward to continuing our work together improving health, reducing poverty, and promoting global growth, creating a safer and more secure world. https://t.co/F6Xv09KhRf",Unknown
BillGates,"Excited to share @gatesfoundation is launching a podcast! ğŸ¥ğŸ¥ğŸ¥   

Make Me Care About with @JenHatmaker will offer in-depth conversations on pressing global issues and solutions you may have never consideredâ€”like garbanzo beans! https://t.co/6CzNbutz0i",Web3 announcements
BillGates,"I recently had the chance to test driveâ€”or test ride, I guessâ€”one of @wayve_aiâ€™s autonomous vehicles. It was a pretty wild ride: https://t.co/PrwrxU49dd https://t.co/NtnkVx7sBx",web3 activities and events
sama,"i think @bettslacroix is the best biotech ceo i've met, and quietly leading a revolution that will result in us living healthy longer. check out https://t.co/5RyhQO2PzQ! https://t.co/Wrt704QYQf",Unknown
sama,"heard something like this 3 times this week:

""our recent grads are now much more productive than people who have worked here for years because they've really learned how to use ChatGPT"".",Unknown
sama,@WSJ ğŸ¤£,Web3 Meme
sama,@WSJ Concerning,Unknown
sama,"The underlying spirit in many debates about the pace of AI progressâ€”that we need to take safety very seriously and proceed with cautionâ€”is key to our mission. We spent more than 6 months testing GPT-4 and making it even safer, and built it on years of alignment research that weâ€¦ https://t.co/kVkuGxHQbS",Web3 Research Output
sama,the new podcast from @jesslivingston and @cjoneslevy is great: https://t.co/5gk877x2Yb,Web3 Activities and Events
sama,i am a zero-interest-rates phenomenon,Web3 Meme
sama,@paulg free speech absolutism on STEROIDS,web3 meme
sama,"Today's the deadline for applying for the next YC batch. 8 pm Pacific Time, for those who like to cut it close. Good luck!

https://t.co/BDUisBa9rg",web3 activities and events
sama,worldcoin launches proof of personhood sdk: https://t.co/ibjpkL1Hl2,Web3 announcements
sama,"We of course defer to the Italian government and have ceased offering ChatGPT in Italy (though we think we are following all privacy laws).

Italy is one of my favorite countries and I look forward to visiting again soon!",Unknown
sama,"At Worldcoin, we developed a scalable, privacy-preserving, and eventually decentralized protocol to prove your humanness online. 

https://t.co/JCKZZX82Xy",web3 activities and events
sama,@traderbess can make He-3 with D-D fusion,Unknown
sama,@Spacecolonize which we acknowledge and appreciate!,Unknown
sama,"damn i'm so excited for helion to demonstrate big-Q D-T fusion and D-He-3 energy recovery in 2024!

getting close now...",Web3 activities and events
sama,"im not that annoyed at google for training on chatgpt output, but the spin is annoying",Unknown
sama,"also, i am pretty proud of the degree of alignment for GPT-4 relative to previous models.

we still have a long way to go, and we really need more powerful alignment techniques for more powerful models.",Web3 Research Output
sama,"one thing coming up in the debate about the pause letter i really agree with:

openai should make a great alignment dataset and alignment evals and release those!

bonus points if we can find a prototype democratic process for 'what we align to'.",Web3 Research Output
sama,"Deploying GPT-4 subject to adversarial pressures of real world has been a great practice run for practical AI alignment. Just getting started, but encouraged by degree of alignment we've achieved so far (and the engineering process we've been maturing to improve issues).",Web3 Research Output
sama,very calm in the eye of the hurricane â˜ºï¸,Web3 Meme
zlj517,Happy Chinese New Year! I hope you have a wonderful spring festival and a happy year of the rabbit!,Unknown
zlj517,"Chinese President Xi Jinping met with Czech President Milos Zeman via video link on Monday. Xi said that China attaches importance to the development of bilateral relations, regards the Czech Republic as an important strategic partner https://t.co/OiXsTiLZVQ https://t.co/TjKKU9QsWC",Unknown
zlj517,China's top legislator meets Philippine president. https://t.co/WSHsrpnP1z https://t.co/5tYUlvVOnj,Unknown
zlj517,Chinese premier meets Philippine president in Beijing. https://t.co/rTob9UHcDE https://t.co/hfPPv8CAMe,Crypto and Markets
zlj517,"Ambassador Qin Gang, Minister of Foreign Affairs of China, published an article on The Washington Post. https://t.co/mZr99XVeej",Unknown
zlj517,Joint statement between China and the Philippines. https://t.co/vDP0Z7VIs6,Unknown
zlj517,"Spectacular 41-meter-tall ice tower at Harbin Ice-Snow World theme park in #Harbin, China. https://t.co/0815jGPbtG",Unknown
zlj517,"The 21st Vasaloppet China, an annual long distance cross-country skiing race, has kicked off in Changchun. https://t.co/c1nTpxNyfX",Unknown
zlj517,"Optimistic about China's market and driven by tangible gains, foreign businesses continue to set up bases and R&amp;D centers in China. @SiouxSource is busy building Sino-Dutch(Suzhou) High-tech Innovation Campus, and @ZF_Group is preparing to build a factory in Guangzhou. https://t.co/U2lIahd7ZE",Crypto and Markets
zlj517,"Surprised to know The Travel Notes of Xu Xiake has an Italian version. Salute to ğŸ‡®ğŸ‡¹ sinologist Giorgio Casacchia for dedicating himself to the promotion of Chinese culture. In his 70s, he continues to translate The Book of Songs and compile Chinese-Italian dictionary. https://t.co/fDDaJPDtxu",Unknown
zlj517,A recap of updated requirements for cross-border travel following the decision to manage COVID-19 as a Class-B infectious disease. https://t.co/Dg7UDuBp2e,web3 announcements
zlj517,China and Pakistan are working together to build an even closer community with a shared future in the new era. https://t.co/1BcUZQlnYD,Unknown
zlj517,We believe the focus should be on tackling the virus rather than politicizing the COVID issue. https://t.co/n5TRfzSSJI,Unknown
zlj517,"President Xi: China, the Philippines share precious friendship https://t.co/zagQjdq3oC",Crypto and Markets
zlj517,President Xi said he's ready to keep in close touch with President Marcos to take bilateral relations to a new height. https://t.co/J7v21niqQf,Unknown
zlj517,"President Marcosâ€™ visit to China is a journey to retrace history and, more importantly, a journey to plan for the future and renew friendship. https://t.co/nQ81ct4Fbq",Unknown
zlj517,"48 years ago, President Marcos' father and Chinese leaders of the older generation, keenly grasping the changing situation at that time and following the trend of the time, made the historic decision of establishing diplomatic ties between the two countries.",Unknown
zlj517,"President Xi just held talks with @bongbongmarcos Philippine President Ferdinand Romualdez Marcos Jr. President Xi noted that this is President Marcosâ€™ first official visit to a country outside ASEAN, and President Marcos is the first foreign leader China hosts in 2023. https://t.co/lL7RCxQkTh",Unknown
zlj517,"Kishore Mahbubani: The next growth engine of world economy is CIA, i.e. China, India and ASEAN.
https://t.co/pvxF9DXEPR",Unknown
zlj517,Jeffrey Sachs: China has managed economic development better than any places in world history. https://t.co/LR6IX9a8CB,Unknown
paradigm,"1/ Announcing Conduit, a crypto native infrastructure platform. Launch a rollup in just a few clicks (built on the OP Stack and powered by Optimism)

Weâ€™re live on mainnet. DM us to get set up today, it takes less than 5 minutes to get up and running. https://t.co/n2gWtmCURO",Web3 announcements
paradigm,"ğŸŸ©ğŸ“ŠğŸŒ€excited to announce the launch of the Paradigm Data Portal ğŸŸ©ğŸ“ŠğŸŒ€

TLDR: we are assembling a bunch of public crypto datasets for researchers and tool builders

short thread https://t.co/ULxVzReLxD",Web3 Announcements
paradigm,"Weâ€™ve submitted a governance proposal outlining @paradigm's entrance into the C4 DAO. 

Vote now: https://t.co/DTJfsQrjx1 https://t.co/SEOJPWGDau",Web3 activities and events
paradigm,excited to share that I recently joined @Paradigm as their first data associate ğŸ§® ğŸ“Š,web3 announcements
paradigm,"Excited to announce that @paradigm is sponsoring @awkweb and @jakemoxey to build open-source libraries to accelerate web3 frontend development.

https://t.co/QPDx3Aj2gu",Web3 activities and events
paradigm,"Design at Paradigm is growing! I'm so thrilled, honored, and lucky to be working closely with @_yangyou. Her impact has been felt at Paradigm and beyond from day one. Can't wait to show you all what we're working on. https://t.co/X4AbuCiESA https://t.co/nUl3EXvfUC",Web3 activities and events
paradigm,"Excited to share that Iâ€™ve joined @paradigm as a designer, working with the firm, the portfolio, and the community to design more intentional, human experiences for crypto &amp; web3. https://t.co/hQT3agtESC",Web3 activities and events
paradigm,@DubJ @imaniperry https://t.co/uMAZlvOVwo,Unknown
paradigm,"It appears that the account @imaniperry was hacked and is impersonating our Twitter account.

@paradigm is our official account and we ask that you report any impersonator accounts.",Web3 Phishing or Irrelevant
paradigm,"NFT traders share a common struggle: speed. 

Enter @blur_io, the fastest exchange. 

Oh, and it's live today. 

Hats off to @PacmanBlur and the Blur team for shipping this insane product. https://t.co/yOOJ1iEO1G",Web3 Announcements
paradigm,"Earlier this year, our team at @Neeva thought through the challenge of indexing &amp; serving blockchain data

We stood up a solution &amp; realized it could unlock performance &amp; reliability for web3 devs

Today, Iâ€™m thrilled to introduce a new company @_n_x_y_z_ to the world ğŸ§µ(1/6)",Web3 Announcements
paradigm,"You can lose all of your crypto with just one wrong click. Over $100 million has been stolen in 2022 alone.

Web3 users are left to defend themselves against scammers &amp; hackers with limited support. Itâ€™s a broken system.

Thatâ€™s why we created Blowfish

https://t.co/paeOzOFnRn https://t.co/evPe6Zqu9O",Web3 announcements
paradigm,"Weâ€™re excited to announce that Exponential has raised a $14M seed round, led by @Paradigm, and is now available to the public. Exponential is a new investment platform that makes it easy to discover, assess, and invest in DeFi yield opportunities https://t.co/lBc12j7EkS",Web3 announcements
paradigm,"The Tornado Cash sanctions created confusion about the compliance obligations of actors in crypto's ecosystem. At @Paradigm, we believe that crypto's base layer should not be required to monitor or censor transactions in order to comply with sanctions  
https://t.co/rjmksgTuZb",Web3 Research Output
paradigm,"Paradigm strongly believes that recent OFAC sanctions against Tornado Cash do not require base layer participants (miners, stakers, etc) to censor transactions.

Our legal, policy, and research teams lay out our rationale (in collaboration with CCI):

https://t.co/uNUqfb8N2t",Web3 announcements
paradigm,"Weâ€™re looking to hire our first data associate at Paradigm!

Use data to analyze new investments, drive public research, and support the portfolio and ecosystem.

Lovers of Dune, Etherscan, JSON-RPC, etc. encouraged to apply.

More below. Apply here: https://t.co/nPh9xCxrGs https://t.co/RsfxG3YHlF",Web3 activities and events
paradigm,"We're entering a revolutionary new phase of NFTs and excited to announce a new name powered by the close of our Series A!

Fractional is now Tessera, reflecting our ambitious vision as the place to own and govern NFTs, together ğŸ’ªğŸ’ª

https://t.co/FRhwnIICVj",Web3 Announcements
paradigm,"making art, mechanisms, and software with @justinroiland and the ridiculously stacked @artgobblers team has been the experience of a lifetime

beyond excited to show you the experiment we made for you https://t.co/OU1yGcf35T",web3 activities and events
paradigm,"We applaud the bipartisan leadership of @SenToomey  and @SenatorSinema. 

With 1 in 5 Americans holding or using crypto, greater regulatory clarity will support the industry's next stage of growth.
https://t.co/M71ZD8mqB9",Web3 Announcements
paradigm,"A future where brand loyalty programs + memberships are powered by blockchain tech?

My latest for #CNBCEvolve explores the possibility, featuring a conversation with Matt Smolin, CEO of @Paradigm-backed Hang â€” a new startup in the fledgling Web3 space. https://t.co/OEKHjz885T",Web3 activities and events
a16z,"Tech founders...in healthcare? 

Read @daisydwolf and @vijaypande's argument for innovative tech founders to bring their skills to the massive healthcare industry: https://t.co/KTHie1jXzA",Web3 Research Output
a16z,"Generative AI: the next consumer platform
https://t.co/qDzCEE0LmH",Web3 Research Output
a16z,"Hey Tech, Itâ€™s Time To Build. In Healthcare.

In the past few months, the founders of Instacart, Spotify, and Coinbase have all started new healthcare companies. Why are these seasoned tech founders jumping into tech-driven healthcare?

https://t.co/Eup4Bn8pwE
1/",Web3 Activities and Events
a16z,"1/ In the past few months, the founders of Instacart, Spotify, and Coinbase have all started new healthcare companies. This may seem odd to some â€“ why are these seasoned tech founders jumping into tech-driven healthcare? A ğŸ§µ: https://t.co/4hE1y5ftcA",web3 activities and events
a16z,"Weâ€™re on the precipice of one of the biggest technology revolutions in decades - AI is here and itâ€™s working!  

In our latest post, we explore a number of areas in financial services where we believe this technology is likely to have a profound impact.  

https://t.co/0DSW3zqw74",Web3 Research Output
a16z,"I spend no better time than talking with @a16z @conniechan periodically about the world, technology, life. Nothing close. We recorded one of our calls effectively and you get to listen in on her new phenomenal podcast. https://t.co/jZ5ynNXlgW",Web3 activities and events
a16z,"Iâ€™m working on my @a16zGames SPEEDRUN talk

WHAT GAMES MARKETING QUESTIONS DO YOU HAVEâ“

Iâ€™ll answer some here in the future too.

Reminder: 3 Days left to apply for our startup school for gaming

https://t.co/oWGUdcsN9R",Web3 activities and events
a16z,"We may be on the precipice of the largest transformation the financial services market has seen in decades.

a16zâ€™s fintech team gives their thoughts on the changes we may seeâ€”and why: https://t.co/DmFZSQVxRC",Web3 announcements
a16z,"@cmschroed @conniechan Subscribe to the a16z YouTube channel for episode four with @Poshmarkappâ€™s @Tracy_Sun, coming Wednesday, April 26: https://t.co/ZUjL0wEzhV",web3 activities and events
a16z,"Todayâ€™s episode of Field Notes: entrepreneur and investor @cmschroed talks with host @conniechan about global investing in tech, the markets often overlooked by Silicon Valley, and his developed pattern recognition to predict success. https://t.co/DDRVGuiVCl https://t.co/WsNbCMDM58",web3 activities and events
a16z,"Temu: What it is, and why it matters
https://t.co/LM4wDjbQwZ",Web3 Research Output
a16z,Congratulations to @memorahealth on todayâ€™s $30M strategic investment announcement! https://t.co/g7G2yGNpZq,web3 announcements
a16z,"""It's about working with the right people. It doesn't matter where they are as long as you've got the right talent.""

On the a16z Podcast, @deel cofounder and CEO @Bouazizalex talks about the benefits of hiring for a decentralized workforce. https://t.co/xZSVI5ZG1R",Web3 Activities and Events
a16z,Catch up this weekend: @a16zcrypto's State of Crypto Report â¬‡ï¸ https://t.co/D1u4iwnTFk,web3 announcements
a16z,"""What we can do with the tools of modern day machine learning is akin ... to the foundational models that we are seeing in language and in images on the web: how different interventions move us in that space from one place to the other."" @DaphneKoller @insitro 
/1 https://t.co/JWUSEtPZFF",Web3 Research Output
a16z,"[New post] w/ @martin_casado @satishtalluri  We are seeing the emergence of *new architecture patterns* that extend strong transactional guarantees beyond the database, into the distributed apps themselves. Let's dive in ğŸ‘‡

https://t.co/yOSpu5kBrh",Web3 Research Output
a16z,"Live now!

Drop your questions below. â¬‡ï¸
https://t.co/uAvXcSqIUJ https://t.co/5RCeBKHxok",Web3 Activities and Events
a16z,"Maybe the most mind-bending implication weâ€™re seeing from generative AI?

It actually appears far easier to automate difficult creative tasks, than to automate relatively simple programming ones: https://t.co/lJFkkdh07T https://t.co/WwiX9BnNHj",Web3 Research Output
a16z,"And don't forget to subscribe to the a16z YouTube channel for episode three with @cmschroed, coming this Wednesday: https://t.co/13DorZvYEy",Web3 activities and events
a16z,"If you missed Part 1, be sure to check out episode one with @debliu_ for a deep dive into marketplace metrics: https://t.co/E88hXrH1Rs https://t.co/29Z9qRtzsK",web3 activities and events
sequoia,Congrats @leanthebean and @ironfishcrypto team! Your commitment to realizing your vision is inspiring. https://t.co/Qe2MfETKjD,web3 activities and events
sequoia,"Prioritize excellence over volume, embrace the things you don't want to do, and build repeatable models for making decisions. 

@GuptaRK22 goes deep with @ShaneAParrish on the path to success here: ğŸ‘‡

https://t.co/GoeR5sw3xN",Unknown
sequoia,"ğŸ¥³ Big news today!

Weâ€™ve raised $53M in Series C funding, led by @lightspeedvp and with the support of @felicis, @redpoint and @sequoia.

More from our CEO, @0xine: https://t.co/ABhVBKuArn https://t.co/2pigDxeOqX",Web3 Announcements
sequoia,"The #ForbesAI50 highlights startups developing the most promising business applications of AI. @Kostabuhler discusses the impact and trajectory of this technology with @SchwabKatharine for @Forbes here:

https://t.co/9XJKgi4u75",Unknown
sequoia,"What founders need is to have agility. Agility to listen to their customers. - Ami Luttwak, CTO of Wiz to Doug Leone, Partner at Sequoia Capital. How refreshing to see what a great interviewer Doug Leone is! ğŸ‘
#startupgrind #sg https://t.co/OwfDVq1Cvk",Unknown
sequoia,"We are thrilled to support @aleksizy and the team at @CybersynInc in their quest to democratize access to the world's economic data.

https://t.co/mmi41VXHIf",Web3 activities and events
sequoia,"Estonia (GMT+3) is a long way from the Bay Area. But working with @villigm @boltapp reminds me of the best parts of SV. Hardcore people, technical leadership, and incredible camaraderie. Love working with this team, early wakeup calls notwithstanding

https://t.co/qECHAFBnGt",Web3 activities and events
sequoia,"A lot has been happening in AI, very quickly. 

This year's AI 50 list, from @Forbes and @Sequoia's @KostaBuhler, is your guide to standout companies in AI today, from consumer to enterprise and vertical-market. ğŸ‘‡",web3 announcements
sequoia,"Growth is a metric that everyone understands, but defining your company as ""the fastest growing ___"" does more harm than good.  A few thoughts on growth as a false idol: https://t.co/hzjhhseO0H",web3 research output
sequoia,"Hard pressed to find many startup CEOs better to take lessons from than @christinacaci @TrustVanta 

Painkillers vs vitamins. 
Leverage vs efficiency. 
Frugality in culture vs frugality in strategy.

Plus some â€œstartup cheat codesâ€ too. https://t.co/x25bv9II9L",Web3 Activities and Events
sequoia,"1/ This year's @Forbes AI 50 list reflects emerging trends in generative AI infrastructure, predictive infrastructure, generative AI applications, and predictive AI applications ğŸ‘‡ https://t.co/iXkhsJZK6f",Web3 Research Output
sequoia,"Congrats team @glean on launching Glean AI! 

LLMs are more reasoning engines than knowledge bases. Generative AI is most powerful when tied with an external source of data/knowledge. 

Glean points Generative AI at your company's enterprise knowledge:
- pre-crawled for speed ğŸŒâ€¦ https://t.co/f7Co6fCkyZ https://t.co/Uk4D56R0su",Web3 Activities and Events
sequoia,"For @annewoj23, founder of @23andMe, genes and environment both play a role in shaping who we are. 

Learn how her fascination with the human genome and persistence in the face of adversity led to breakthroughs in genetic testing and drug discovery:  ğŸ§¬ğŸ‘‡
https://t.co/6AjBIr6UVY",Unknown
sequoia,"Doug Leone is one of the OG Hall of Famers in Venture

ğŸš€ Investments in Nubank, Meraki, and Wiz

ğŸ‰ Leading @sequoia franchise for 10 years

ğŸ’° 78 partner investments

Last year I had Doug on 20VC and he smashed all records. 

I broke down the 9 main lessons from the show: ğŸ”¥ğŸ‘‡ https://t.co/957a6J7sDE",web3 activities and events
sequoia,@grantmac_ @leteyski @LucianaLix DM'd.,Unknown
sequoia,"@grantmac_ Thank you, Grant. DM'd.",Unknown
sequoia,".@sequoia's AI Ascent was an absolute blastğŸ’¥ &amp; one of the most exciting events of #GDC (the other one being the Ft Mason GenAI meetupğŸ˜‡ğŸ˜‰).

Inspiring, informative &amp; engaging talks. 

Tks for the invite @sonyatweetybird, @jesskah, @charliecurnin, @buckhouse, @em_math
 &amp; team.ğŸ™ https://t.co/CBmDVwgyto",web3 activities and events
sequoia,"Applications for Arc Europe are open until 23:59 BST, Sunday April 2nd.

If youâ€™re a pre-seed or seed stage founder building the next enduring company, weâ€™d love to hear from you.

Learn more here: ğŸ‘‡

https://t.co/BbvC2KT6OW",Web3 activities and events
sequoia,"1/ Calling all pre-seed &amp; seed founders: Have you applied to Arc Europe yet? If not, there is still time!

Hereâ€™s what you can expect: ğŸ‘‡ https://t.co/kIsR5SNgGY",web3 activities and events
sequoia,AI = Augmented Imagination. https://t.co/YPkT4qgDI9,Web3 Research Output
Stepnofficial,"#ThrowbackThursday âœ¨

Ha! Who doesn't love those closed beta #STEPN screenshots ğŸ¤©

I wonder what those counters at the top of the screen are... first one must be steps, second might be $GST... what do you think 3rd and 4th are? ğŸ¤” https://t.co/i7g2Ikkhbe",web3 activities and events
Stepnofficial,@StepnEurope @Samixerian @mooarofficial @ClubSTEPNFrance @jameswerk @Firelauncher_ @bnBeth_solvax @ShanRunsForFun @yawn_rong @Jerry10240 @mekisous @kashan333 @kyan_sur @dou_butu_suki @bamboleo0309 @PYHO2577 @piko_bcg @johne_sawyer @rilufix @anwang0315 @0xPolygon @alphaPH_01 @brondeljulien @VitaliyShuba @AndrePestana7 @_JOHNVERA @GreyCryptoNewb @step_goma @Mieciu58587668 @calscott82 @masanobu_yukimu @TheCryptoAlam @abechung @tjworld_eth @Servoles1 @Cryptanjushka @cumbres_stepn @cofuman1sen @YgorDublin @LennyLyons @clystal_420 @Touch_Fall @fabritiodelapa @Guillaume33G @EiboboW @NikeDroog @krief57423824 @severf71 Oopsy! Let's re-roll our winning spot @StepnEurope ğŸ«¶,web3 activities and events
Stepnofficial,"Please note: This is not financial advice, always do your own research ğŸ§‘â€ğŸ’»  

6/6 ğŸ¸ğŸ§µ",Web3 Meme
Stepnofficial,"Certain level milestones will unlock additional perks such as unlocking Gem Sockets, Full HP restoration, GMT Earnings... âœ¨

Want to learn more on #STEPN Sneakers?
Check out this link ğŸ‘‡
https://t.co/4r5GDZoZMY

5/6 ğŸ§µ",web3 activities and events
Stepnofficial,"Higher Quality also means higher reparation costs! So make sure to have a strategy ready before apeing ğŸ’

Learn more on Sneaker reparation here ğŸ‘‡

4/6 ğŸ§µ
https://t.co/xmJw6ecIuZ",Unknown
Stepnofficial,"Sneakers can be of various Quality:
âšªï¸ Common
ğŸŸ¢ Uncommon
ğŸ”µ Rare
ğŸŸ£ Epic
ğŸŸ  Legendary (not released yet)

A better Quality Sneaker actually gives you in game advantages such as: higher base Attribute points, more Attribute points per level passed, more Energy, etc ğŸ”¥

3/6 ğŸ§µ",Unknown
Stepnofficial,"We have four Sneaker types all suited for a different  activity:
ğŸš¶ğŸ» Walker: 1-6 km/h
ğŸƒğŸ» Jogger: 4-10 km/h
ğŸ’¨ Runner: 8-20 km/h
ğŸ˜ Trainer: 1-20 km/h

For the same Attribute value, Runners have the best avg earnings and Trainers have the most randomised earnings ğŸŒ±

2/6 ğŸ§µ https://t.co/8rXGR8pyZG",web3 activities and events
Stepnofficial,"#STEPNBasics - Sneaker Types ğŸ‘Ÿ

Read this short thread to understand everything related to #STEPN Sneakers!! ğŸ‘€

1/6 ğŸ§µğŸ‘‡ https://t.co/bdrcQ20Lmy",Unknown
Stepnofficial,"#STEPNquiz â“ 
We hold 2 daily quizzes in our Discord at 00:00 and 12:00 UTC. 

Come check it out and stand to win 100 $GMTğŸ’°
https://t.co/sZQod9rmyh

*Certain rules apply https://t.co/9qyuOxXHVp",Web3 Activities and Events
Stepnofficial,"@Tahirasim1989 Hi! Weâ€™d love to look into this matter for you, kindly send us a ticket at https://t.co/lxNBRceQdx so we can investigate further.",web3 phishing or irrelevant
Stepnofficial,"Almost done resolving transaction delays. 

NEWER TRANSACTIONS: should now process normally, but might still take several minutes due to traffic from all transactions being processed now. 

OLDER TRANSACTIONS: currently being unstuck, may take several hours for all oldâ€¦ https://t.co/OvhGXU5ZAg",Web3 Announcements
Stepnofficial,"Get ready to flex your brain muscles with this brain teaser!ğŸ§  

What is the largest number you can do by moving 2 matchsticks below ğŸ¤” 

Draw your answer in the commentsğŸ‘‡ 

#STEPN https://t.co/oXXSJQq8Ma",Web3 Meme
Stepnofficial,"Gm ğŸ«¡

Join us for the very first #MOOAR Discord AMA with Co-Founders @Jerry10240 and @yawn_rong ğŸˆ

If you have any questions please drop them in the comments (you might get a special prize if your question is selected ğŸ‘€)
â¡ï¸ https://t.co/MsYeVgVpUC https://t.co/tmyJTVDoGK",Web3 Activities and Events
Stepnofficial,"@3500usdloss Hi! Weâ€™d love to look into this matter for you, kindly send us a ticket at https://t.co/lxNBRceQdx so we can investigate further.",web3 phishing or irrelevant
Stepnofficial,"@sebastiantavi Hi! Weâ€™d love to look into this matter for you, kindly send us a ticket at https://t.co/lxNBRceQdx so we can investigate further.",web3 phishing or irrelevant
Stepnofficial,"@QuynNguync7 Sorry about the delays, we are currently working on resolving them! You may refer to our Discord for the latest updates",web3 activities and events
Stepnofficial,"@behemoth1117 Sorry about the delays, we are currently working on resolving them! You may refer to our Discord for the latest updates",web3 activities and events
Stepnofficial,"Every blockchain address is generated along with the private key and the public key! ğŸ“

These keys allow you to control the cryptocurrency on that particular blockchain address and receive crypto from other people! ğŸ”

ğŸ’¡ #STEPNWeb3 #STEPN https://t.co/Gja3dt3OoM",Web3 activities and events
Stepnofficial,"@m88ii Hi! Weâ€™d love to look into this matter for you, kindly send us a ticket at https://t.co/lxNBRceQdx so we can investigate further.",web3 phishing or irrelevant
Stepnofficial,"@Rivero777_ Hi there!

You can refer here for a better understanding of how the HP system works",Unknown
MantaNetwork,"ğŸªªzkBABs are among the strongest and most tangible use cases for zero-knowledge technologies currently available in Web3.

Mint your zkBAB hereğŸ‘‡
https://t.co/v6AIKEKXPK

Read more in the articleğŸ‘‡
https://t.co/BP6rkXTQJu

[5/5]",Web3 activities and events
MantaNetwork,"ğŸš€In just one week, we've hit 31,000 zkBAB minted, meaning that 31k real, verified users have taken the first step towards privacy-preservation in on-chain identity verification...

...and we're only just getting started!ğŸ”¥

[4/5]",Web3 Activities and Events
MantaNetwork,"ğŸ’¡Manta Ecosystem projects such as @AsMatchApp will utilize zkBABs to verify its users and subsequently reward them with special perks.

Read more about the AsMatch x zkBAB integration belowğŸ‘‡
https://t.co/41zSBgkVaE

[3/5]",Web3 activities and events
MantaNetwork,"ğŸ¤zkBABs are functionally identical to BABs, serving as the proof of verification for KYC'd @Binance users.

ğŸ¦‘By leveraging zkBABs, Manta Network enables a decentralized ecosystem of real users, mitigating bot exploitation and Sybil attacks.

[2/5]",Web3 activities and events
MantaNetwork,"zkBAB Integration into the ğŸ”¥Entire Manta EcosystemğŸ”¥

We're pleased to announce that zkBABs, the privacy-enhanced version of BABs (Binance Account Bound tokens), will play an integral role in the growth of @MantaNetworkğŸª„

Get the free OAT belowğŸ†“ğŸ‘‡
https://t.co/R1c6ipYbDIâ€¦ https://t.co/xTXijttyR4 https://t.co/9gBSCgBlRA",Web3 Announcements
MantaNetwork,"ğŸ«‚@MantaNetwork is excited to onboard Yuliverse onto our ecosystem, and together we will introduce ways for users to preserve their sensitive personal info while improving the fluidity of their Web3 experience.

Details in article belowğŸ‘‡

https://t.co/4zDQCB6wYH

[4/4]",Web3 activities and events
MantaNetwork,"ğŸ¦‘@MantaNetwork's zkBABs, launched via the NPO platform, will be integrated into @TheYuliverse to reward KYCâ€™d @Binance users - all while preserving privacy!

ğŸ”¥Other zkSBTs will also be issued as achievement badges!

[3/4]",Web3 activities and events
MantaNetwork,"ğŸ’¡@TheYuliverse is a parallel reality Metaverse game on @BNBCHAIN featuring an adventure that draws from both IRL treasure hunts and online matching apps.

ğŸ”¥Exciting, gamified socialization is at the heart of the burgeoning Yuliverse ecosystem.

[2/4]",Web3 activities and events
MantaNetwork,"ğŸ“¢Yuliverse x Manta: NPO GameFi Partner Announcement

@TheYuliverse has partnered with @MantaNetwork to offer privacy-enhanced zkSBTs to its users!ğŸŠ

Get the free OAT for the Yuliverse x Manta Partnership belowğŸ†“ğŸ‘‡

https://t.co/7qVrMsDTab

â³[1/4] https://t.co/4U7lox0RSW",Web3 Announcements
MantaNetwork,"ğŸ¦‘We welcome all applications from interests parties. As a leading entity in all things zk, we would love to work with anyone who is qualified and has a strong commitment to Web3 privacy.

Read MoreğŸ‘‡

https://t.co/wyVDwMwSfN

[5/5]",Web3 activities and events
MantaNetwork,"ğŸ§™â€â™‚ï¸Manta Wizards

ğŸª„Alternatively, anyone can become a Manta Wizard by reaching Lv 10 on Crew3 and receive the Wizard Discord role and NFT.

ğŸš€Select Wizards will have a chance to ascend to Champions in the future!

Crew3 questsğŸ‘‡

https://t.co/Xeg5OKVylb

[4/5]",Web3 activities and events
MantaNetwork,"ğŸˆ¸Application Criteria

1âƒ£Passionate individuals eager to educate others about the importance of on chain privacy, zk technology and @mantanetwork

2âƒ£Possess deep understanding of the blockchain paradigm, particularly zk

3âƒ£Patient and effective communicator

[3/5]",web3 activities and events
MantaNetwork,"ğŸ—£ï¸Manta Champions push forward all things Manta, supporting us in a variety of ways ranging from content creation, educating others, and promoting awareness.

ğŸš€Their ambassadorship plays a crucial part in the growth of our network!

[2/5]",web3 activities and events
MantaNetwork,"ğŸ§™â€â™‚ï¸Manta Champions and WizardsğŸ¦‘

Introducing the @MantaNetwork Champions and Wizards! They are community advocates who accompany us in spearheading the Web3 privacy sphereğŸª„

Apply via TypeForm registrationğŸ‘‡

https://t.co/Khy4eqOUWj

â³[1/5] https://t.co/OAlyfdCYcs",web3 activities and events
MantaNetwork,"Join the Manta Ecosystem Projects AMA and get a chance to win 50 USDT Giveaway!ğŸ‰

Tune in to learn more about how @Dmailofficial and @TheYuliverse will utilize zkSBTs as integral components of privacy preservation for their ecosystems!ğŸ—

â˜‘ï¸ Follow @MantaNetwork
â˜‘ï¸ Like &amp;â€¦ https://t.co/jFzVlfBqdL",Web3 Activities and Events
MantaNetwork,"In just a week:
ğŸš€ 30,000+ real, KYC-verified users have minted zkBABs.
ğŸš€ 50,000 people all around the world have downloaded the Manta Wallet Extension.
ğŸ”¥ @MantaNetwork is heating up big time, bringing real #ZK use cases to web3. https://t.co/gELa3K4Iii",Web3 Activities and Events
MantaNetwork,"ğŸ”¥HOT OFF THE PRESSğŸ”¥@MantaNetwork just minted 30K zkBABs and we're over the moon! ğŸ‰

Why? Because we'll be the FIRST app to integrate Manta Network's zkBABs, providing a private, verifiable on-chain credential of real user identity. Finally, no more fake profiles!ğŸ™…â€â™€ï¸

LFG!ğŸš€ https://t.co/hk5A8qKEIn",Web3 Announcements
MantaNetwork,"We promised to announce some big news, so let's kick things off...

We're excited to announce that AsMatch will be the first dApp to support @MantaNetwork's freshly released zkBAB!

To celebrate, we've debuted our AsMatch OAT on @Galxe - claim it now! ğŸ‘‡

https://t.co/jovqtKqtcO https://t.co/aibnhr02XF",Web3 Activities and Events
MantaNetwork,"Learn how to build zkBridge with Polyhedra in tomorrow's Zero2Hero workshop! ğŸ”¥

After that, build applications with zkSBT and Manta Network.

Finally, we'll discuss oracle integration with Chainlink Labs. Set a reminder at the link below!

https://t.co/FIU1gdkzTb",Web3 Activities and Events
okxweb3,"ğŸ“£ We're thrilled to announce that OKX is proud to partner with @icecream_swap , which bridges on @Coredao_Org  

As part of this partnership #IceCreamSwap has been successfully integrated with #OKXWallet and our discovery page https://t.co/mX0zRAKxGf https://t.co/MPw1bWMUDB",Web3 Announcements
okxweb3,"ğŸ“¢ğŸ“¢Exciting news! We have proudly partnered with @indexcoop to make it easier than ever for #OKX users to access DeFi index products!

âœ¨Plus, with gtcETH by @gitcoin , also a part of the portfolio of @OKX_Ventures , you can stake Ether while contributing to public goodsâ€¦ https://t.co/N2qxxKXjEd https://t.co/MMg1afPguf",Web3 Activities and Events
okxweb3,"Exciting news!  ğŸš€

ğŸ’¥We're thrilled to announce the deployment of the #OKXWallet on #KOLO.Market- the first step in our partnership.

With the access of OKX multi-chain wallet, https://t.co/L2g6DsFo5c will have more possibilities in the future.ğŸ”¥ https://t.co/JGv0435n4D",Web3 Announcements
okxweb3,@bnxbnb OKX Walletç”¨æˆ·ç¾¤ï¼šhttps://t.co/S38zkH5Tnz,web3 activities and events
okxweb3,"$AIDOGE is now integrated with @okxweb3.

https://t.co/rkQAl3H1ok ğŸ”— #OKXWallet https://t.co/H9wUttsC7c",Web3 activities and events
okxweb3,@bnxbnb å®Œæˆé—®å·è°ƒæŸ¥å¯ä»¥åŠ å…¥,Web3 Phishing or Irrelevant
okxweb3,"ğŸ¨We are thrilled to announce that @outland_art
and #OKX Wallet has reached a partnership!

ğŸ¥‚Users can now enjoy gas fees, royalty, and service fees rebates when trading these 2 NFT collections on the OKX NFT marketplace:
1âƒ£https://t.co/ytCWjFsNSS
2âƒ£https://t.co/qYZ3zAY4DH https://t.co/ePinBBhUK6",Web3 Activities and Events
okxweb3,https://t.co/u4ksyQhn9j,Unknown
okxweb3,Letâ€™s go ğŸ¸ğŸ¸ï¼ https://t.co/wjtN4UU8K3,Web3 meme
okxweb3,"ğŸ¤ªWe're excited to announce that @pepecoineth has integrated into the OKX Wallet and DEX!

We look forward to supporting the growth of the #PEPECOIN communityğŸ¸ğŸ¸

Stay tuned for more updates!!ğŸ™ŒğŸ™Œ https://t.co/3STGhcMUQL",web3 announcements
okxweb3,"âœ¨âœ¨Big news! @Galxe has integrated into the #OKXWallet!!

This partnership offers new opportunities for users to earn different assets by contributing to their favorite Web3 communities within the #Galxe ecosystem!ğŸ«¶

ğŸ™ŒStay tuned for more updates! https://t.co/QYHmm2Fo5m",Web3 activities and events
okxweb3,@ahmd4136 plz update to the latest version and try again,web3 phishing or irrelevant
okxweb3,"ğŸ”¥ğŸ”¥ğŸ”¥Welcome to our space AMA with @OptimusAl_Token 

ğŸ“Venueï¼šOKX Web3 Twitter
â°Time: Friday 11pm UTC(Saturday 7am CST)
ğŸ”—Link: https://t.co/BdrlnLfsHp

Letâ€™s talk about meme coins ğŸª™ 

#memecoin #OKX #AI https://t.co/8zdsSa8Wmc",Web3 Meme
okxweb3,"â—ï¸â—ï¸Due to overwhelming demand,  gas-free service has been temporarily suspended at 17:30 (UTC+8) , which will be expected to resume at 22:00 (UTC+8) ğŸ”¥ https://t.co/cAJDsuBXzp",web3 activities and events
okxweb3,"Join the #OKXWallet  official group chat today! ğŸ‘‹

Click the link ğŸ‘‡ to participate in our survey and gain access to exclusive limited edition merchandise and whitelist etc.Don't miss out!
https://t.co/GM4CipQyWH https://t.co/NnmZ4YzA1W",Web3 phishing or irrelevant
okxweb3,"We are thrilled to invite our guest speaker @kangdewgg @morphpog from @Dew_HQ, @glabuz from @0xPolygon, together with @LeagueKingdoms @polychainmon @J_May111 

We will discuss the newly launched https://t.co/rqU2j4aaJd and the NFT projects on #Polygon!â€¦ https://t.co/4mi9rvRnJZ https://t.co/PuuAQhcQoS",Web3 Activities and Events
okxweb3,"ğŸ¦–Co-hosted dopest #NFTNYC23 party with @okxweb3 @monarch_io 

ğŸ¤©You can overlook the stunning New York skyline view, talking with the top institutions, NFT/DAO communities

ğŸ”¥Over 900 people joined us for the event

Follow and DM us to receive the photos of the event :) https://t.co/nFeCMOyxAY",Web3 Activities and Events
okxweb3,Here is the surprise for ya :https://t.co/oj32Cwxak7,Web3 phishing or irrelevant
binance,"Getting in early as a buyer of an NFT project can require a lot of research.

We can speed things up.

Read the blog below for 9 ways to discover upcoming NFT projects. 
https://t.co/IvIIyq7lqT",Web3 Activities and Events
binance,"Analysing market sentiment can help to better understand how rational reactions are in relation to prices.

Here are a few tips on how to do it yourself ğŸ‘‡ https://t.co/lwlvJ3gAEE",Crypto and Markets
binance,Eid Mubarak from #Binance to all those who celebrate! https://t.co/rLV0YbCcMF,Crypto and Markets
binance,"Keep track of all the #Binance Card benefits with Binance Feed.

You can find exclusive offers, ways to maximise rewards, and more, all from one place.

Check it out here â¤µï¸",Crypto and Markets
binance,"Learn more about the #Binance Lunch for Children Campaign with the link below.

â¡ï¸ https://t.co/XH3WsLZQLx",web3 activities and events
binance,"As part of our #Binance Lunch for Children campaign -

We will be donating 1 meal for every 10 viewers of #BinanceTalks Charity &amp; Blockchain for Good, up to 100k viewers.

Do your part by watching with the link below.",web3 activities and events
binance,"You can read the full terms and conditions below.  

â¡ï¸ https://t.co/UQnYny89J6",web3 phishing or irrelevant
binance,"We're now live with #BinanceTalks Charity &amp; Blockchain for Good.

Watch to win your share of $1,000 in rewards!

Here's how:
ğŸ”¸ RT this tweet
ğŸ”¸ Watch the event
ğŸ”¸ Reply below with what you learnt

The 10 most detailed/creative replies will win!

Watch here â¤µï¸",Web3 Activities and Events
binance,"We'll be live for #BinanceTalks Charity &amp; Blockchain for Good in 30 minutes!

Learn how crypto is shaping charitable efforts globally and get the chance to win your share of $5,000 worth of rewards.

Set a reminder here ğŸ‘‡",Web3 activities and events
binance,"Chocolate shopping in Belgium, paid for with #Binance card ğŸ‡§ğŸ‡ª https://t.co/joNt9Fk78z",Crypto and Markets
binance,"Interested in whale watching? ğŸ‹

Whales in crypto are holders of large amounts of tokens, meaning they can have an influence on markets with their trades. 

We've put together a number of methods you can use to spot and track them. 

https://t.co/0IUvn6IobS",Crypto and Markets
binance,"If you're new to crypto, you'll likely come across a lot of terms you haven't seen before.

Here are 3 that you'll be sure to find when navigating the space for the first time. https://t.co/EWLaDYan1z",web3 activities and events
binance,"#Binance VIP offers a range of programs of which you can choose to most suit your needs.

Want to learn more about these programs?

ğŸ§µ Read this thread. https://t.co/7v2klCYDQL",web3 announcements
binance,"Want to get more involved with #Binance?

Our team is looking for community builders and volunteers that live and breathe crypto, or as we call them - #Binance Angels.

If this sounds like you, read the blog below to get started â¤µï¸ 

https://t.co/RSmVNosA63",web3 activities and events
binance,"A new round of Cloud Mining products is now available!

Subscribe to purchase hashrates and earn mining rewards.

â¡ï¸ https://t.co/n2RaFOoajJ https://t.co/pgJHUB3Fiv",Web3 phishing or irrelevant
binance,"Ä°stanbul BoÄŸazÄ±'nda 100'den fazla katÄ±lÄ±mcÄ± ile keyifli bir #BinanceÄ°ftar buluÅŸmasÄ± gerÃ§ekleÅŸtirdik!â›´

Ä°ÅŸte etkinliÄŸimizi Ã¶zetleyen bazÄ± gÃ¼zel anlar.ğŸ‘‡ https://t.co/IEOX1ctWtg",web3 activities and events
binance,"Enjoy exclusive discounts using your #Binance Card, and earn additional rewards when referring your friends!

Start here â¬‡ï¸",Crypto and Markets
binance,"Vacation mode: #Binance Card edition.

ğŸ“¸ @MitonNicolas https://t.co/CiapXgjaax",Crypto and Markets
binance,"Our latest #Binance Auto-Invest update includes a whole load of new features for you to enjoy, including:

ğŸ”¸ Purchasing plans with fiat 
ğŸ”¸ Faster transaction speeds
ğŸ”¸ Support for 250+ new tokens 

The list goes on ğŸ‘‡ 
https://t.co/omNB3ZKWt8",web3 announcements
binance,"Last month, we hosted #BinanceCampus, a first-of-its-kind event bringing together 75 online crypto educators from all parts of the APAC region.

The event consisted of networking, industry insights and training sessions on #Binance products.

Here's how it all went down.",Web3 activities and events
kucoincom,"Don't worry if you missed the AMA with @PlayZapGames. Read this recap and join the PlayZap Post-AMA Quiz now for a chance to win $10 in PZP!

ğŸ§ https://t.co/a3D9cSbzI6

â° Quiz form will remain open for 5 days from the time of publishing this AMA recap.",Web3 activities and events
kucoincom,"The basic parts of a #blockchain are more than just lines of code â€“ they represent a powerful new way of doing business that is secure, transparent, and decentralized. https://t.co/2Oytr627TY",Web3 Announcements
kucoincom,"Top 5 Coins by Weekly Price Change on #KuCoin (April 19, 2023)  

ğŸ”¥ $CGPT
ğŸ”¥ $REAP
ğŸ”¥ $ID3L
ğŸ”¥ $MC
ğŸ”¥ $HIMAYC

#KuCoinTop5 https://t.co/YFtelPYebY",Crypto and Markets
kucoincom,https://t.co/Ly3OavWUMG,Unknown
kucoincom,"If you miss the live discussion with @goaliciak, you'll miss out on some valuable insights and perspectives on the topic. See you in 1 hour! https://t.co/nN30bbvAOp",web3 activities and events
kucoincom,"Join the #KuCoin AMA with @LocusChain, 28,500 $LOCUS to Give Away!

â° Date: 12:00 PM on April 21, 2023 (UTC)
ğŸ“ AMA Venue: https://t.co/tGuGCYHDtg
ğŸ’° Total Rewards: 28,500 LOCUS

Read More: https://t.co/XVVLbbfUud

ğŸ“¢ Join the pre-AMA activity now ğŸ‘‡

#KuCoinAMA",web3 activities and events
kucoincom,"Don't forget to join @goaliciak, Managing Director of KuCoin, as she share her insight on ""The Role of Exchanges in #Web3"" with @coingecko. https://t.co/FT1gTlLNsq",web3 activities and events
kucoincom,@quitegiddy Hi! Could you please provide a screenshot of the email you received? Thank you.,Unknown
kucoincom,"ğŸš€Buckle up for the Starship launch! Ready to take your $DOGE to Mars? ğŸŒ•

Trade $DOGE and his friends $SHIB, $FLOKI on @KuCoinFutures to win a share of 50,000 USDT!ğŸ¤‘

ğŸ¥³200 USDT #Giveaway
âœ…Follow @kucoincom &amp; @KuCoinFutures
âœ…Retweet this post

5 Lucky Users will get $40 each!",Crypto and Markets
kucoincom,"ğŸ‰ğŸ”® Predict to Win $30,000 with GPT and CGPT on #KuCoin! 

ğŸ¥³ Join our exciting campaign and show off your prediction skills. Get ready for the challenge and earn your share of the reward!

â°00:00 on April 21, 2023 to 00:00 on April 25, 2023 (UTC)

Join Now!",web3 activities and events
kucoincom,"ğŸ“¢ New Listing

@LocusChain $LOCUS Gets Listed on #KuCoin!

ğŸ”¹Pair: LOCUS/USDT
ğŸ”¹Deposit: now open (network: ERC20)
ğŸ”¹Trading: 10:00 AM on April 21, 2023 (UTC)

#Mainnet #Gamechain #SmartCity",Crypto and Markets
kucoincom,"ğŸ’¥ Everything You Need to Know about the 25th KuCoin Spotlight!

Today's Quiz: How many winning tickets in total for Spotlight public sale?

Comment your answers belowğŸ‘‡

Answer of yesterday's quiz: KYC2

ğŸ”¥Join to win Spotlight Community Bonus!
ğŸ‘‰ https://t.co/SDqi81FQAh https://t.co/pSlSOG1AvC",web3 activities and events
kucoincom,"ğŸ’°MARSH-90D Fixed Promotion, Enjoy an APR of 30%! @unmarshal 

â°Subscription Period: 10:00:00 on April 20, 2023, to 15:59:59 on April 25, 2023 (UTC)

Details: https://t.co/hoNom8kld8 https://t.co/JDOhBngchc",web3 activities and events
kucoincom,"#KuCoin Top 5 New Meme Tokens by Marketcap (April 19, 2023)

ğŸ“ˆ $SHIB
ğŸ“ˆ $BABYDOGE
ğŸ“ˆ $FLOKI
ğŸ“ˆ $ELON
ğŸ“ˆ $DC

#KuCoinTop5 https://t.co/NQsB5TLicb",Web3 Meme
kucoincom,#KuCoin Will Support the Terra (LUNA) Network Upgrade,web3 announcements
kucoincom,"Co-hosted by @Conflux_Network and @CNHC_TO, @KuCoinVentures' Konnect event was a huge success! Attendees got to connect with industry leaders and explored the blockchain industry during the Hong Kong Web3 Festival 2023. 

See photos for a glimpse of the exclusive event. https://t.co/hMzINVI7ua",Web3 activities and events
kucoincom,"Join the discussion for Part 3 of Spotlight Fireside Chat with @Suia2023, @Maxxarbi, @Clutchy_io &amp; @StarryNift on why SUI is a paradise for the NFT market.

ğŸ$600 Giveaway
1âƒ£Follow @kucoincom &amp; all projects
2âƒ£Like, RT &amp; tag 2 friends
3âƒ£Join the space

Set a reminderâœ…",web3 activities and events
kucoincom,"Who else has had to explain NFTs to their family? ğŸ™‹â€â™‚ï¸

â¤ï¸Like this tweet if you can relate. 

ğŸ”Retweet if you're practically a crypto teacher at this point.ğŸ˜‚",Web3 Meme
kucoincom,Mainnet Bitgert (BRISE) Network Is Now Supported for BRISE on #KuCoin,web3 announcements
kucoincom,#KuCoin Leveraged Tokens (ETF) Market Adds 4 Trading Pairs,Crypto and Markets
cz_binance,Eid Mubarak https://t.co/Gjj5BC9AtM,Web3 meme
cz_binance,"Some highlights from my talk at Hong Kong Web3 Festival last week. 

https://t.co/91Wut0y5zX",web3 activities and events
cz_binance,"The European Parliament voted for MiCA to be implemented.

This means one of the worldâ€™s largest markets is introducing tailored regulations for crypto to protect users and support innovation. 

The fine details will matter, but overall we think this is a pragmatic solution toâ€¦ https://t.co/n37PfBFzGs",Web3 Announcements
cz_binance,@DarkCryptoLord The AI have no idea...,Web3 Meme
cz_binance,"What is this ""halving"" they (the wizards of the magic internet money) keep talking about?

https://t.co/pnD7sJKdok",Web3 Activities and Events
cz_binance,"Before &amp; after the halving, you will hear a lot of ""why didn't the price move (everyday)?""

#bitcoin price:
1st halving, 2012 Nov: $12
2nd halving, 2016 Jul: $658
3rd halving, 2020 May: $8,800
4th 2024: ...

History does NOT predict the future. But zoom out... https://t.co/979tpNq9kf",Crypto and Markets
cz_binance,"@KraZeMike83 Each trade has 2 sides, buyer and seller. ğŸ˜‚ğŸ¤·â€â™‚ï¸

So, trading volume or even web traffic may be a proxy, but not very accurate anyway.",Crypto and Markets
cz_binance,"Let's take a look at what #Binance Charity achieved last year.

From donating $15 million in more than 53 countries, to ramping up the support of global Web3 education, here are some key takeaways from the 2022 @BinanceBCF annual report ğŸ§µ https://t.co/Xp7sGuZuNi",Web3 activities and events
cz_binance,"Win tickets to @theweeknd's sold out After Hours Til Dawn tour!

#Binance is giving you and a friend the opportunity to win exclusive tickets to any show on the tour.

To enter: 
ğŸ”¸Retweet
ğŸ”¸Tag a friend 
ğŸ”¸Complete the quiz below  

Good luck! #BinanceAfterHours",Crypto and Markets
cz_binance,"From working with regulators and training thousands of law enforcement agencies across the globe, the #Binance compliance team's primary goal is protecting users.

Here's more on what they do ğŸ‘‡",Web3 announcements
cz_binance,"Show us where youâ€™re using your #Binance app for a chance to win $100! ğŸ¤³

Hereâ€™s how:
ğŸ”¸ Retweet &amp; follow @Binance 
ğŸ”¸ Take a POV photo of you using the app  
ğŸ”¸ Share it using #MyBinanceApp  

The 10 most creative and unique entries win.

Swipe for examples ğŸ‘‰",Crypto and Markets
cz_binance,"A quick look at our product roadmap and how we make product decisions. 

https://t.co/y1wraQZK28",web3 activities and events
cz_binance,"In business settings, most people are not clear with their asks, making communication 10x longer. Start with ""we need/want you to..."", then the reasons/gives if needed.

https://t.co/dibMJsPzAC",Unknown
cz_binance,"1/25 ğŸ§µ @Bitrefill believes it the largest commerce platform in the space. As such, I wanted to share some deep thoughts on payment method (PM) popularity over time in the hope of pushing the industry forward. This first chart shows monthly active users for each PM since 2019: https://t.co/0PKMJxeFWA",web3 activities and events
cz_binance,"@CryptoViv @pete_rizzo_ No, I got in at round $600 ish. Way late...",Crypto and Markets
cz_binance,"@pete_rizzo_ He was partially right. It didn't stay there for ""too long"". He was only off about the direction. ğŸ¤·â€â™‚ï¸",Unknown
cz_binance,"JUST IN: #Binance and @CBF_Futebol have officially launched the first #NFT in the history of BrasileirÃ£o AssaÃ­.
The NFT provides exclusive real-world benefits for fans.",Web3 activities and events
cz_binance,"Meet @Noahbperlman, #Binance Chief Compliance Officer, with over 26 years of experience in legal and compliance.

Noah thinks that the speed of innovation, and product development at Binance is unlike anything that heâ€™s ever seen in his career.",Web3 announcements
cz_binance,"#Binance has teams dedicated to assisting law enforcement agencies in fighting cybercrime. 

Our priority is to protect users and help keep the industry more secure.

Hereâ€™s a thread with some examples of how we've helped to recover user funds over the years ğŸ§µ",Crypto and Markets
cz_binance,"Stay safe in crypto. Watch out for fake giveaways.

The team wrote some top tips on how to spot and avoid them in this blog.

https://t.co/6f3JW4QC6Z",web3 phishing or irrelevant
twobitidiot,"Spent the day in DC meeting with members of congress. We need regulatory clarity in the U.S. for the centralized players in crypto for many reasons - consumer protection, national security, economic growth, etc.

The SEC has caused untold harm to America with its policy ofâ€¦ https://t.co/8csAP5iR79 https://t.co/eV13Ny66db",Crypto and Markets
twobitidiot,"The simple case for the U.S. to embrace stablecoins, delivered by @CampbellJAustin's in the House Financial Services Cmte hearing yesterday https://t.co/Jaje0kHurE",Web3 Announcements
twobitidiot,"Genslerâ€™s SEC wants to brute force crypto into an ill-fitting disclosure framework

In our latest piece, we show why this is a bad policy that fails to give crypto users and investors the info they need, or provide entrepreneurs w/ a viable path to comply
https://t.co/jOpxYJSl6U",Web3 Research Output
twobitidiot,ğŸš¨ğŸš¨ğŸš¨Reports from #CapitolHill are that Sen. Warren is pushing her #crypto AML bill before its introduction next week. It's time to rally in opposition to this remarkably bad legislation that purports to serve national interests but is really about killing crypto in the US. 1/3 https://t.co/KocNen1owN,Crypto and Markets
twobitidiot,"Congrats @SpaceX team on an exciting test launch of Starship!

Learned a lot for next test launch in a few months. https://t.co/gswdFut1dK",web3 activities and events
twobitidiot,"MiCA, the landmark EU crypto regulation, officially passed the plenary of the EU Parliament ğŸ‡ªğŸ‡º
-517 MEPs voted in favor
-38 against
-18 abstentions

Next steps
-final formal vote in the Council of the EU (EU member states) on May 16
-MiCA publication in the Official journal ofâ€¦ https://t.co/XtOwzVJAFE https://t.co/1T6VRcOYrI",Web3 Announcements
twobitidiot,"This is an utter failure of the US regulatory apparatus.   

Coinbase and several other regulation-first companies have been trying for nearly a decade to offer licensed derivatives in the US. https://t.co/5aFFxoHlZK",Crypto and Markets
twobitidiot,"Gary Gensler was CFO of Hillary Clintonâ€™s 2016 Presidential Campaign.

In todayâ€™s @FinancialCmte hearing, he UNDER OATH stated he was unaware that the Clinton campaign facilitated the payment for the Steele Dossier.

How could a campaign CFO possibly be unaware of a $1M+ payment? https://t.co/eUnedDVT0o",Crypto and Markets
twobitidiot,"@GaryGensler @SECGov You are physically incapable of not lying about crypto and your true intentions: de facto ban the industry as a political favor to Senator Warren.

No one believes you or respects the SEC with you in charge. Youâ€™re killing the agencyâ€™s rep and embarrassing the US in the process.",Crypto and Markets
twobitidiot,"@GaryGensler @SECGov You are physically incapable of not lying about crypto and your true intentions: de facto ban the industry as a political favor to Senator Warren.

No one believes you or respects the SEC with you in charge. Youâ€™re killing the agencyâ€™s rep and embarrassing the US in the process.",Crypto and Markets
twobitidiot,@GiveMeACurry Heâ€™s the worst person in the US government. Hope that helps.,Web3 Phishing or Irrelevant
twobitidiot,JUST IN - ğŸ‡ºğŸ‡¸ US Congressman demands SEC Chair Gensler to answer for his unacceptable regulatory treatment of spot #Bitcoin ETFs https://t.co/7sC1bW43lT,Crypto and Markets
twobitidiot,"gotta love Rep. Lynch claiming that banks are more secure than stablecoins. stablecoins are short duration assets, fully redeemable, fully reserved. banks are....... not.",web3 activities and events
twobitidiot,"How is it even legal for the gov to approve coinbase to go public then to come back years later and say they're operating illegally? 

Why was I allowed to buy the stock then? It's not like they changed how they operated since they were approved",Crypto and Markets
twobitidiot,"10/ There will be more focus on Gensler's history with SBF, his failures as SEC Chair, and his corruption.

Gensler bet that he could use crypto as his political punching bag and become Treasury Secretary. Itâ€™s never happening.

He took a calculated risk...but he's bad at math.",Web3 activities and events
twobitidiot,"10/ There will be more focus on Gensler's history with SBF, his failures as SEC Chair, and his corruption.

Gensler bet that he could use crypto as his political punching bag and become Treasury Secretary. Itâ€™s never happening.

He took a calculated risk...but he's bad at math.",Web3 activities and events
twobitidiot,"9/ Finally, most damning:

The rogue financial regulator touts his professorship on crypto at MIT and wants total oversight authority of the emerging field...

But has never owned the assets or used the tech.

No wonder the US is falling behind.
https://t.co/f4rWPN5jUG",Web3 activities and events
twobitidiot,"8/ Gensler was unable to truthfully answer whether he had rehearsed ""preapproved answers"" with Senator Warren and her staff.

This was reminiscent of the TikTok hearing's infamous question on coordination with the CCP.
 https://t.co/9fyH5nqoz1",Unknown
twobitidiot,"7/ Emmer takes Gensler to task on a) his favorable approach to FTX, b) the impossibly high costs of compliance, c) the lack of new rule-making for crypto combined with 55 enforcement actions, d) his rogue actions outside of Congressional authority.
 https://t.co/xdyuvvBIM6",Web3 Activities and Events
twobitidiot,"6/ The ongoing lies about the crypto industry's ""non-compliance"" and Gensler's repeated calls for the industry to ""come in and register.""

It's a complete farce. ""Registration"" with the SEC is intentionally impossible: 

https://t.co/6x0RCQedeb",Crypto and Markets
Nakamigos,4th &amp; 20 ğŸš¬ https://t.co/ls6MeJnMKC,Web3 Meme
Nakamigos,"Nakamigos are half the story.
Next part coming for holders later this year. https://t.co/NzKU4knAOm",Web3 activities and events
Nakamigos,Still chilly ğŸ§Š https://t.co/9uuV46farJ,Web3 Meme
Nakamigos,Spring fit ğŸŒ±ğŸŒ¸ https://t.co/lN6Opr8eHj,Web3 Meme
Nakamigos,Business casual ğŸ“Š https://t.co/dVYttBfuOa,Web3 Meme
Nakamigos,"This verified twitter account â€“ @Nakamigos â€“ is the only social media for Nakamigos/HiFo Labs.

Any other account purporting to be Nakamigos/HiFo Labs is a fake.

Any official announcements will come from this account.",Web3 announcements
Nakamigos,Camo gang ğŸª– https://t.co/ISLiMsQ8LY,Web3 meme
Nakamigos,Saturdaze â˜®ï¸ https://t.co/vPe96mtAFI,Web3 Meme
Nakamigos,NYC Knight ğŸ—½ https://t.co/5Ly4T6FNAC,Unknown
Nakamigos,Dojo drip ğŸ¥‹ https://t.co/IHqlsk1M9G,Web3 Meme
Nakamigos,"Stay safe! Reminder â†“

Official Twitter: @Nakamigos  (verified)

Official site: https://t.co/4SyycWR88u 

No discord or other social media

Watch out for fakes!",Web3 Activities and Events
Nakamigos,Space bot ğŸª https://t.co/qdQANK0fP0,Unknown
Nakamigos,Woke up like this â° https://t.co/mrOptuZgON,Web3 Meme
Nakamigos,Morning calls ğŸŒ„ğŸ“± https://t.co/H9PxLkJyxF,Unknown
Nakamigos,Green jacket ğŸŒï¸â€â™‚ï¸ https://t.co/FvfRzgKONq,Web3 Meme
Nakamigos,Saturday morning hoops ğŸ€ https://t.co/C26ZzEZJZJ,Web3 Meme
Nakamigos,Golf day â›³ï¸ğŸ¯ https://t.co/D4LuL4RGoN,Unknown
Nakamigos,Croc doc ğŸŠğŸ©º https://t.co/mKVClfgKOL,Web3 Meme
Nakamigos,Smoke break ğŸš¬ https://t.co/QXLIdqTyyH,Web3 Meme
Nakamigos,Stay fly ğŸŸ¦ ğŸŸ¥ https://t.co/VIIC8SwtOE,Web3 Meme
TheMuppethShow,"@samylacrapule Devs do something..

ğŸ§¶ğŸª¡",web3 meme
TheMuppethShow,"@IcedCoolyEth No, you won't.

ğŸ§¶ğŸª¡",web3 meme
TheMuppethShow,"@TheCryptoEnth This is not an interaction.

ğŸ§¶ğŸª¡",web3 meme
TheMuppethShow,"With great power comes no wisdom.

ğŸ§¶ğŸª¡ https://t.co/gABMO8OXbW",Web3 Meme
TheMuppethShow,"@KeillahAsh Real trash.

ğŸ§¶ğŸª¡",web3 meme
TheMuppethShow,"@DadiFromNowhere !idiot

ğŸ§¶ğŸª¡",web3 meme
TheMuppethShow,"Don't join our Discord, unless you want to fall into a disturbing and endless show.

https://t.co/FuPDzuYHvG

ğŸ§¶ğŸª¡ https://t.co/jNglpeqivX",Web3 phishing or irrelevant
TheMuppethShow,"currently sorting through the entire collection

ngl there are some fucking bangers",Web3 Meme
TheMuppethShow,"Black on Black.

ğŸ§¶ğŸª¡ https://t.co/PjyBljZ3fl",Web3 Meme
TheMuppethShow,"@DadiFromNowhere Just don't.

ğŸ§¶ğŸª¡",web3 meme
TheMuppethShow,"Tomorrow.

ğŸ§¶ğŸª¡",Web3 Meme
TheMuppethShow,"Heart Gold or Soul Silver?

ğŸ§¶ğŸª¡ https://t.co/ZMl4x3kaMq",Web3 Meme
TheMuppethShow,"@LACHIPS_CRISPY Weâ€™re definitely going to 0.

ğŸ§¶ğŸª¡",web3 meme
TheMuppethShow,"Wen reveal?

ğŸ§¶ğŸª¡",Web3 Meme
TheMuppethShow,"This is not a grail.

ğŸ§¶ğŸª¡ https://t.co/Ge0j21mpB9",Web3 Meme
TheMuppethShow,"You're printing generational wealth with shitcoins.
I'm losing everything I own with Muppeth.

We're not the same.

ğŸ§¶ğŸª¡",Web3 Meme
TheMuppethShow,"ğŸ¿$0 BOX OFFICE CRAPğŸ¿

I always wanted to be an actor, but I'm terrible, so now is my chance. @TheMuppethShow https://t.co/5XuaLJ8W8t https://t.co/coRA4ZRcGN",Web3 Meme
TheMuppethShow,"Ainâ€™t a show without Muppeth.

ğŸ§¶ğŸª¡ https://t.co/zeo3BzbV3P",Web3 Meme
TheMuppethShow,"@KeillahAsh Yes.

ğŸ§¶ğŸª¡",Web3 Meme
TheMuppethShow,Me very like. https://t.co/lcC7hWZX6E,web3 phishing or irrelevant
Cat_Mouse_game,@Hasbi_0x0 ğŸ¥³,web3 meme
Cat_Mouse_game,@Fookin_No_Wan Monday,Unknown
Cat_Mouse_game,@Raident_26 We plan to on Monday,Unknown
Cat_Mouse_game,Refuse to be ruled by AI***** in the crypto world and I hate it so muchğŸ˜¡,web3 meme
Cat_Mouse_game,"@ashwani95kumar But we are real, real shitcoinğŸ’©",web3 meme
Cat_Mouse_game,"TOP1ğŸš€

Fuck the AI**** 

Do you know why?

They are the same and ugly

If agreed Like&amp;RT

#CatMouse #memecoin #Real https://t.co/VZQoLKAB7J",Web3 Meme
Cat_Mouse_game,@demithacreator @BruhWakeup OK,Unknown
Cat_Mouse_game,@W30Hertz OK,Unknown
Cat_Mouse_game,"@BruhWakeup Round 2 has ended, please wait for the announcement of Round 3",web3 activities and events
Cat_Mouse_game,"ğŸš€ğŸš€ğŸš€

#20000+ NFTs

#memecoin #catmouse #lfg  #Arbitrum https://t.co/NdLqi3xAG2",Web3 Meme
Cat_Mouse_game,"@Cat_Mouse_game 

Arb airdrop recipient can try this too

https://t.co/MKhdqoRHWm

For #ARB claimers",Web3 activities and events
Cat_Mouse_game,"1/Only 3 rounds and the same rules remain for the airdropï¼ˆAddress List of $ARB Airdroper ï¼‰ event, FCFS

2/In 14 hours we burned $2.3 million $RICE,About 12% of total supply

3/Around 19,000 NFTs were minted, about 40% of the total

4/List CEX is in the plan,better if it's free https://t.co/9NPuq9UkUw",web3 activities and events
Cat_Mouse_game,"@Cat_Mouse_game 
https://t.co/5NTn6iaAGr
$ARB",Crypto and Markets
Cat_Mouse_game,"âœ…à¹ƒà¸„à¸£à¸—à¸µà¹ˆà¹€à¸„à¸¢à¹„à¸”à¹‰ $ARB Airdrop à¸ªà¸²à¸¡à¸²à¸£à¸–à¹€à¸„à¸¥à¸¡ $RICE à¹„à¸”à¹‰à¸­à¸µà¸à¸•à¸±à¸§ 55555ğŸ‘»

à¸—à¸£à¸‡à¸„à¸¥à¹‰à¸²à¸¢à¹† $AIDOGE à¸—à¸µà¹ˆà¹€à¸£à¸²à¹€à¸„à¸¥à¸¡à¸à¸±à¸™à¹„à¸›à¹„à¸¡à¹ˆà¸à¸µà¹ˆà¸§à¸±à¸™à¸à¹ˆà¸­à¸™ à¹à¸•à¹ˆà¸­à¸±à¸™à¸™à¸µà¹‰à¹€à¸›à¹‡à¸™à¸‚à¸­à¸‡ @Cat_Mouse_game 

à¸—à¸²à¸‡à¹„à¸› Claim 
: https://t.co/Y77nZhw3t5

à¸—à¸µà¸¡à¹€à¸›à¸´à¸”à¹€à¸„à¸¥à¸¡à¹€à¸›à¹‡à¸™à¸£à¸­à¸šà¹† à¸£à¸­à¸šà¸—à¸µà¹ˆ 2 à¸à¸¶à¹ˆà¸‡à¸ˆà¸š à¸£à¸­à¸šà¸—à¸µà¹ˆ 3 à¹ƒà¸«à¹‰à¸£à¸­à¸›à¸£à¸°à¸à¸²à¸¨ ğŸ‘»",web3 activities and events
Cat_Mouse_game,"ğŸš€

ğŸ±ğŸ­ğŸ® https://t.co/AUWFDD8yXJ",Web3 meme
Cat_Mouse_game,"@Cat_Mouse_game 
https://t.co/Bv5gfKwYJG 
Come catch my mouse, LFG!",Web3 Activities and Events
Cat_Mouse_game,"ğŸ—£ï¸The second round of airdrops has ended, please wait for the announcement of the third round",web3 activities and events
Cat_Mouse_game,"$ARB airdopuna uyqun olanlar iÃ§in free drop. 1000 $RISE token + NFT https://t.co/CnVO3Hr0VX
@Cat_Mouse_game 
FCFS
OS link ğŸ‘‰ https://t.co/9Fe2b2zqNz https://t.co/3JUzSk6IG1",web3 activities and events
Cat_Mouse_game,"King Cat ğŸ˜¸ @Cat_Mouse_game

https://t.co/MxjFxJVZvT

#Arbitrum #NFT #opensea #Airdrop https://t.co/hPnCOX6B4s",Web3 activities and events
Cat_Mouse_game,"Come on join and farm your rice now before late guys ğŸ¥³
Cek this link https://t.co/0HSdcAsuFl
$rice #catandmouse @Cat_Mouse_game #Arbitrum #memecoins https://t.co/bRMLRagocu",web3 activities and events
Ronin_Network,2 days to level 7 #AxieHomeland https://t.co/X7CcFWhW34,web3 activities and events
Ronin_Network,the best part of this @FOGDAO interview is that @NicoVereecke tries to wrap it up mid-episode and we end up talking for another 30mins about games.. &amp; also @glennmcguireâ€™s experience building a customer service platform that scaled 400m users at a web2 giant ğŸ¤·ğŸ¼â€â™€ï¸âš”ï¸ğŸ‘€ https://t.co/krHR7wQIVv,web3 activities and events
Ronin_Network,"Let's learn more about @Ronin_Network key concepts! ğŸš€

Did you know that the Ronin Network uses DPoS as a consensus mechanism? 

Here I explain it to you! ğŸ˜‰
#RoninCreator #AxieCreator #blockchain https://t.co/UejDDFUjOx",Web3 Activities and Events
Ronin_Network,"We have a sweet spot in our hearts for Axie Classic over @METAT8esports. If we host two @AxieInfinity tournaments next month and one is for sure Origins, would you rather see a second Origins tournament or a Classic event??",web3 activities and events
Ronin_Network,"En la temporada 3 de @AxieInfinity se quemaron aproximadamente 400M de $SLP

Hoy revisamos:

Â¿Que significa esto?
Â¿El $SLP sigue deflacionario?
Â¿Como fue en comparaciÃ³n a otras temporadas? 

https://t.co/3yIHsybTUI https://t.co/FRl3qzwy8E",Web3 Activities and Events
Ronin_Network,"Timelapse of ""Flipflop Day 2"" #BigYakSelfCareChallenge from @BigYakAxieClub 

@AxieInfinity @AxieInfinity_ES @AxieArtGallery 

Music: Zelda &amp; Chill  2

#AxieInfinity #AxieCreator #AxieOrigins https://t.co/PiZuHmDgQD",web3 activities and events
Ronin_Network,"Huge update from @axieDoLL! I will not miss this season this time. Meanwhile, loving this sidekick animations! https://t.co/uVik3Mn5gx",web3 activities and events
Ronin_Network,"Heard everyone talking about @themachinesgame on @Ronin_Network but left it too long to ask about it?

Get up to speed in 60 seconds.

https://t.co/QrwEWrupVx https://t.co/XcLfUlJ2Ry",Web3 Activities and Events
Ronin_Network,"â±ï¸Time is running out! 

ğŸ”¥Get your Gameplay clips submitted for a chance to win $RONğŸ”¥ğŸ¤‘

Deadline is April 21st 9pm EST!
Full details here -ğŸ‘‰ https://t.co/mYrBMYl7Nv

#RoninCreator #TMAgame #TheMachinesArena $RON https://t.co/zAGPpJPYYY",Web3 Activities and Events
Ronin_Network,Just started playing Axie Infinity: Homeland. Any tips to grow Arctic plot? ğŸ˜ $AXS https://t.co/F9mL2jfoV7,web3 activities and events
Ronin_Network,"Timelapse of ""VALID8TOR Open"" from @METAT8esports 

@AxieInfinity @AxieInfinity_ES @AxieInfinityBR_ @Ronin_Network  @AxieArtGallery 

Music: Falling In Reverse ""Watch The World Burn""

#AxieInfinity #AxieCreator #AxieOrigins #axieart https://t.co/gCrdk0wIDC",web3 activities and events
Ronin_Network,"Go play our new PvP game mode!

ğŸ’¥DetonationğŸ’¥

Available now! Sign up for our closed beta and go play!
https://t.co/zIM94iR1wd

#TMAgame #TheMachinesArena $RON https://t.co/wFvnO6nQmg",web3 activities and events
Ronin_Network,"Letâ€™s talk about this PokÃ©mon card situation and how important digital asset adoption is for them. 

Hate that itâ€™s a reality, glad there are real solutions. 

Why Pokemon choosing a network like @Ronin_Network for distribution of assets would be in their best interestsâ€¦â€¦ https://t.co/ctqsVxFVUj",Web3 Activities and Events
Ronin_Network,"Thereâ€™s this guy named @AI_Labs__ whoâ€™s such a beast with Pyro that he just goes and bumrushing everyone in front and gets all the kills! 
The ğŸ€âš½ï¸ on this guy!!!
#RoninCreator @themachinesgame @TheRSNx @GHo5T1NCGC https://t.co/7CMPpCmZbF",Web3 Meme
Ronin_Network,"letâ€™s talk about adding web3 to existing games. 

first question: what would be the main benefits of adding web3 elements to an mmorpg? (ex. lost ark, ruinscape)

what problems does it solve for? 

how can web3 be added creatively?

which mmorpgs could this pertain to? https://t.co/yjzmzVCcTt",Web3 Activities and Events
Ronin_Network,"Should buy RON? 

$RON is making a strong comeback in early 2023. The following concise information will give you more insights into @Ronin_Network.

View more below ğŸ‘‡ https://t.co/SPZVsMyKiU",Crypto and Markets
Ronin_Network,"Hello! ğŸŒ
I bring you new video of Homeland season 2 updates.â™¥ï¸ğŸªµğŸ˜ï¸
#axiecreator #AxieInfinity https://t.co/TKmlr6CbWM",Unknown
Ronin_Network,"How about new season, everyone?  #AxieHomeland @AxieInfinity https://t.co/AvlXApU75K",web3 activities and events
Ronin_Network,"It's great to finally be able to open-source @Ronin_Network docs and align closer to the @ethereum ethos.

https://t.co/53aZldxddm 

Excited to see how the $RON community will contribute to the ecosystem over time.

Progressively decentralizing the network one step at a time.",Web3 activities and events
Ronin_Network,"Ronin's documentation is now open-source, enabling anyone to propose and contribute improvements to it!

ğŸ“œ Docs: https://t.co/aDO3AGsJdx
ğŸ“ Contribution Guide: https://t.co/BecK3ExLsC https://t.co/0Rc1rAxRCW",Web3 activities and events
ZooDAO,"ğŸš€ğŸ‰ Stage 5 of #ZooDAO is NOW LIVE! ğŸ² 
Have you won your opponent's DeFi yields, anon? ğŸ† 
Don't miss out on the action â€“ keep your eyes peeled for the next Battle! ğŸ”¥ 

ğŸ‘‰ https://t.co/70Zgecm4k4 ğŸ‘ˆ

#NFTs #DeFi https://t.co/5nr4Je3VJn",Web3 Activities and Events
ZooDAO,"#ZooDAO is proud to integrate @CryptozNFT's Zoombies collection for #NFT Battles on the @MoonbeamNetwork! ğŸ§Ÿâ€â™‚ï¸

In celebration we're giving away 1 of their 1st Edition GLMR Zoombies NFT Cards! ğŸ‘€

To enter:
1âƒ£ Follow @CryptozNFT &amp; @ZooDAO 
2âƒ£ Like+RT
3âƒ£ Tag 3 frens in the replies https://t.co/tMDi4jAAV4",web3 activities and events
ZooDAO,"https://t.co/15QZt0d5Sj is creating the solutions to turn the growing NFT market into an easy-to-use place. Their flagship product is their bridge. The first chain-agnostic bridge built especially to let NFTs and funds flow freely between networks and wallets. ğŸŒ±

#NFTBridge",Web3 activities and events
ZooDAO,"We're excited to be collaborating with @xpnetwork_ for a portion of #ZooDAO's NFT bridging needs! The https://t.co/15QZt0d5Sj team has been extremely responsive and willing to make collection-specific adjustments enabling us to serve all NFTs with robust utility. ğŸš€

#DeFi #NFTs https://t.co/LA6B3x45Wa https://t.co/oPqI6sNdXC",Web3 Activities and Events
ZooDAO,"ğŸš€ Stage 4 is here! 

Boost your odds of winning with $ZOO ğŸ‰ 
Facing tough opponents? Turn the tides with $ZOO boosts on NFTs you voted on using FRAX. Change the course of NFT history! ğŸ”¥ 

ğŸ‘‡ Boost now ğŸ‘‡
https://t.co/sBeU5q1o8g 

#ZooDAO #DeFi #NFTs #Yields https://t.co/7k3kSXVmR2",web3 activities and events
ZooDAO,"ğŸ”¥ Stage 3 Hype: Time to Pair Your NFTs! ğŸ”¥

The moment you've been waiting for is here! Stage 3 of ZooDAO's first Battle has begun. Who will be your opponent, anon? Whale? Shrimp? Something in between? ğŸ¦ˆ

ğŸ‘‡ One day left to pair your NFT! ğŸ‘‡
https://t.co/sBeU5q1o8g https://t.co/kqadV7C4Pr",web3 activities and events
ZooDAO,"Great debut from this team, app is great, gives a nice one click bridge from eth to glmr/frax on moonbeam. And giving nfts actual utility to boot. Really hope it takes off! https://t.co/PO4yggbzWW",web3 activities and events
ZooDAO,"Dear frens, if you haven't participated in @ZooDAO Stage 1, you still have 2 hours to vote with $FRAX in order to participate in Stage 2.
Probably a good opportunity ğŸ‘€

Already 228k FRAX locked, what a success! ğŸ«¡

PS: you can still vote for @GLMRApes even if you don't own one. https://t.co/Nb0S80sVfH",web3 activities and events
ZooDAO,"ZooDAO has reached yet another a new milestone in the first NFT Battle Season with $225k TVL! ğŸ‰

Only 20 hours left to vote &amp; be in with a chance to win $5kğŸ’°""It could be you"", but with just over 100~ voters it might ACTUALLY be you.

ğŸ‘‡ Vote now ğŸ‘‡
https://t.co/sBeU5q1o8g https://t.co/7RWg5w4Khz",Web3 Activities and Events
ZooDAO,"ğŸ“¢ Fastest growing pool on @Polkadot! ğŸŠ

We're proud to see @ZooDAO's farm TVL growing at over 150% since launch! This puts $ZOO on par with several bluechip farmsğŸ‘

Great to see projects with strong utility spearheading ecosystem growth on @MoonbeamNetwork! ğŸ’• https://t.co/HLQySNMvja https://t.co/q6mu2BpcM5",Web3 Activities and Events
ZooDAO,"ğŸ”¥ Over $200,000 in #FRAX staked in ZooDAO's 1st NFT Battle! 
An amazing start, but a drop in the ocean of what's to come! ğŸŒŠ 
Thanks to our incredible community for participating, and good luck in your first Battle! âš”ï¸ 

ğŸ‘‡ Vote ğŸ‘‡
https://t.co/70Zgeclwuw

#ZooDAO #NFTs #DeFi https://t.co/yzn3urNbgk",web3 activities and events
ZooDAO,"4/ ğŸ¦ @ZooDAO went live, bringing added NFT utility &amp; cross-community battle experiences to Moonbeam.
https://t.co/oenEgwwSuk",Web3 activities and events
ZooDAO,Whereâ€™s the TFA clan at?? You know we always bring you great chances to win big. Our partner  @ZooDAO is choosing one lucky winner to win 5000$ just for voting. Bet big to win big. Letâ€™s bring this home guys https://t.co/wBhyBv1mN8,web3 activities and events
ZooDAO,"Reminder: Stage 2 has started! âš”ï¸

Win up to $5k in the first 4 Seasons!
Vote with $FRAX and support your frens in the Arena for a chance to win big! ğŸ‰ğŸš€

ğŸ‘‡ Vote here ğŸ‘‡
https://t.co/HCjywG6vo9 https://t.co/Hu9TZpmgZn https://t.co/QJzDyCAJT6",Web3 Activities and Events
ZooDAO,"@ZooDAO Battle season is upon us and my @CanaryAgency agents are ready for War! 

Vote on my NFTs with $Frax and if my agents win their battles you will get $Frax back + yield [up to 87% APY] at the end of the season on the 21st April 

Plus a bonus $5k is up for grabs!

Join us! https://t.co/RZA7sGXirV",Web3 Activities and Events
ZooDAO,@MoonFitOfficial Time to get SHREDDED! ğŸ¦¾,Web3 Meme
ZooDAO,"âš”ï¸@ZooDAO Battles now live! 

ğŸ¤‘Win up to $5k in the first 4 Seasons based on your FRAX votes! 

ğŸ•µï¸â€â™‚ï¸Support our ğ˜¾ğ™–ğ™£ğ™–ğ™§ğ™® ğ™‰ğ™šğ™©ğ™¬ğ™¤ğ™§ğ™  ğ˜¼ğ™œğ™šğ™£ğ™˜ğ™® frens in the Arena! 

ğŸ—³ï¸Vote at https://t.co/0pXvS4sgOy https://t.co/P17DsnU5fh",Web3 Activities and Events
ZooDAO,"ZooDAO is live with their cross-chain swaps powered by Squid + @axelarcore âœ¨

Let the battle commence! Get FRAX on Moonbeam from any chain to vote on staked NFTs for yield returns âš”ï¸ğŸ’œ https://t.co/28R7aIbZbI",Web3 Activities and Events
ZooDAO,"ğŸš€ Stage 2 is live! 

Vote on staked NFTs with FRAX now! â±ï¸ Remember: early votes = more power! ğŸ’ª 
Don't miss those sweet sweet yields and your chance at the $5k draw! ğŸ† APY: 191% ğŸ¤‘

ğŸ‘‡ Vote now ğŸ‘‡
https://t.co/70Zgeclwuw https://t.co/dKMrS3i9o6",web3 activities and events
ZooDAO,"ğŸš€ğŸ”¥ #ZooDAO is giving away $5,000 to 1 lucky NFT voter for the next 4 Battle Seasons! ğŸ 

$20,000 in total prizes! 

Chances of winning are based on the amount of FRAX you vote with! ğŸ’° 

ğŸ‘‡ Voting starts NOW! ğŸ‘‡
https://t.co/sBeU5q1o8g

#ZooDAO #Giveaway #Airdrop https://t.co/4Tylwuu5uc",Web3 Activities and Events
zachxbt,@sayinshallah https://t.co/7tnc9xJAQK,web3 phishing or irrelevant
zachxbt,@CryptoFinally @inversebrah,Unknown
zachxbt,@SkalonPeter @0xrelied The entire tokenomics was a scam?,Crypto and Markets
zachxbt,@dbeckara https://t.co/YDkuYYB9F8,Unknown
zachxbt,@bantg lmeow,web3 phishing or irrelevant
zachxbt,@0xrelied Same,Unknown
zachxbt,@Muyivva Thatâ€™s the project I am referring to,Unknown
zachxbt,@metatron_0x yes the SBF/Alameda scam coin (FTX debtors are stuck with a bunch),Crypto and Markets
zachxbt,@CoinGurruu They also could have just right click saved,Unknown
zachxbt,@solvingKasada yes,Unknown
zachxbt,@TheWeb3_Guy lmeow,web3 meme
zachxbt,@cryptosaladaz High FDV low circ supply shitcoin,Crypto and Markets
zachxbt,@KirbyLarp They probably accepted compensation in locked SRM,Crypto and Markets
zachxbt,@abayarde_eqss â€œsoldâ€,Web3 Meme
zachxbt,Also they already had me blocked. https://t.co/5KTjqaBB9O,web3 phishing or irrelevant
zachxbt,"So the old Project Serum Twitter account with 200k+ followers recently deleted all tweets, changed pfp to a Milady, and began shilling shitcoins? https://t.co/788T0ilB6t",web3 phishing or irrelevant
zachxbt,@solanobahn Yes I imagine it was related to this https://t.co/bzlliHGqan,Unknown
zachxbt,Update: https://t.co/txevkep3Rp,web3 announcements
zachxbt,@spectrum108 No,web3 phishing or irrelevant
zachxbt,There are a decent number of victims from his previous rugs still out there. https://t.co/1uybs2rMPK,web3 phishing or irrelevant
jphackworth42,"Our very first Journal Clubâ€™s TOP 5 is here.

The most important web3 CM articles you should have read in March (according to the Guild community).

ğŸ§µ https://t.co/rFdU5QLbHy",Web3 activities and events
jphackworth42,"Part of my UNI airdrop analysis was used in this fantastic substack on airdrops &amp; completely agree

Sybils will always be a cat and mouse since airdrops are so lucrative

Airdrops will resemble loyalty programs with targeted events, users, &amp; small amounts distributed frequently https://t.co/lkav12y3Jr",Web3 activities and events
jphackworth42,"Inspired by @jphackworth42, we did some digging into @zkSync using the Garden Enrichment Engine. Over 120k unique addresses have bridged 15k ETH totaling $27m+ into @zksync over the last week. This is around 10% of all weekly active wallets on Mainnet. What types of projects andâ€¦ https://t.co/XxAV3mSM4W",web3 research output
jphackworth42,"@tomwanhh Check it out here in the bottom section. Plan to do refactoring of some of these in a new analysis as well.

https://t.co/IjUg3YEGzG",web3 research output
jphackworth42,"Crazy to see that two of the leading activities for Ethereum users in the past 30 days are bridging  to zksync and starkware

Over 300k+ (6% of active users ) in the past 30 days bridged to zksync

The people are hungry for an airdrop after Arbitrum https://t.co/fTO44VOHwo",Web3 Activities and Events
jphackworth42,"One month after the $BLUR airdrop, engagement seems to have worn off

-Active traders have decreased by ~30% 
-17.7% of airdroppers are still holding $BLUR in their wallet
-Only 43% of wallets have been active on Blur since

Check out more below:

https://t.co/gMhTg8NdjE",Web3 research output
jphackworth42,"ğŸ–¼ Understanding the Impact of Airdrops on NFT Marketplace Performance

Are NFT airdrops a long-term success or are they just hype?

""OpenSea was not thinking wen token but wen IPO"" 

By @jphackworth42

ğŸ“Š Dune Dashboard:
https://t.co/Gx0vnwtjhk

https://t.co/wjb718wqZt https://t.co/pGilNO0Mzp",Web3 Research Output
jphackworth42,"Dune Digest #71 is LIVE ğŸ“©

Stories:

- NFT marketplace airdrops 
- Ordinals update 
- #Bitcoin security budget
- AttestationStation 
- $USDC  

ğŸ“ˆğŸ“ˆğŸ“ˆ

Wizardry:

- @jphackworth42 
- @bcrypt5  
- @0xKofi 
- @OPLabsPBC 
- @stablecamel 

ğŸ§™â€â™‚ï¸ğŸ§™â€â™‚ï¸ğŸ§™â€â™‚ï¸ 

https://t.co/mZKoYAW6UA",Web3 Activities and Events
jphackworth42,@smyyguy Soon,Unknown
jphackworth42,"@itccrypto @rabbithole_gg Ahh yes, thereâ€™s a difference because I factored in staking $LOOKS in my new one hence the higher percent Hodling.",Crypto and Markets
jphackworth42,@DuneAnalytics Thank you ğŸ«¡,web3 meme
jphackworth42,"""OpenSea was not thinking wen token but wen IPO"" 

Great quote from a great article 

Check out @jphackworth42's latest piece on the impact of airdrops on NFT marketplace performance

An excellent bit of data journalism ğŸ§™â€â™‚ï¸

https://t.co/U8HO61CPc7",Web3 Research Output
jphackworth42,"(Whispers politely)

You wouldnâ€™t have so many Sybils and so much drop farming if you correctly measured user value and made any payouts conditioned on real user retention.

This is a (mostly) solved problem in Web 2 (where analogous forms of fraud were once overwhelming).",Web3 Research Output
jphackworth42,"12/That's a wrap! I highly encourage you to check out the full report &amp; take a look at the @DuneAnalytics dashboard below

https://t.co/gMhTg8NdjE",Web3 research output
jphackworth42,"11/  I believe @rabbithole_gg is on a great path to making token distribution more efficient &amp; providing long-term value for protocols + users

Check them out below

https://t.co/Mj9ojZRt6V",Web3 Activities and Events
jphackworth42,"10/ The NFT Marketplace wars are far from over.

While airdrops generate hype there may be a lot of manipulation &amp; little true value added in terms of increased revenue &amp; acquiring customers",web3 activities and events
jphackworth42,"9/ While Blur has a low overall wash trading, many of the top traders participated in wash trading
 
The top 5 traders had 37% of their total volume marked as wash trading

Some wallets even claimed $100k+ in airdrop rewards even with 90%+ wash trading. https://t.co/4VI3Y299Bg",Web3 Research Output
jphackworth42,"8/ One of the main drivers for Blur was its top users

25 users did 20% of its total volume
250 did 45% 
500 did 54%

Many of these traders received 1000% boosts to their PnL

To win the marketplace wars all you need to do is offer a bit of incentivizing to the top traders https://t.co/NtSZ4jwYNR",web3 activities and events
jphackworth42,"7/ While many received massive pay days from the airdrop with some claiming millions,

Only 21% of users are holding onto the token right now

Post airdrop, only 31% of airdroppers have bought or sold an NFT https://t.co/bDJ1Jw0bNX",web3 activities and events
jphackworth42,"6/ When Blur launched many thought this would be a new paradigm in airdrops due to recurrent airdrops &amp; incentivizing various behaviors.

Blurâ€™s volume began to soar and they were able to penetrate into OpenSeaâ€™s market share and steal users away from the platform",Web3 activities and events
drakefjustin,"Encrypted mempools as a tool for MEV &amp; censorship

This post is largely built around @drakefjustin's great presentations on the topic (links in post)

They're pretty complicated (at least for me), so I tried to break them down simply then expand a bit 
https://t.co/AYpIjnkods",Web3 Research Output
drakefjustin,"based rollups

https://t.co/P24dPJlBUn",Web3 activities and events
drakefjustin,"Some recent reflections on Ethereum

https://t.co/bMXqpw7Xwi",Web3 Research Output
drakefjustin,"devs can work on MEV burn

would have been down 30K ETH https://t.co/kJG2bv48CV",web3 activities and events
drakefjustin,we're so ultra back! https://t.co/bU48hil3gb,Web3 meme
drakefjustin,"The agenda for the MEV Roast on Privacy is ğŸ”¥
Jan 11th, 11AM ET/ 4PM UTC
Roast master @drakefjustin 
https://t.co/98cQtHiIiE https://t.co/QlCJbP3rf0",web3 activities and events
drakefjustin,"Ask the 32 Ethereum Foundation researchers anything!

The Reddit AMA starts in 75 minutes. Spicy questions welcome ğŸŒ¶ï¸

https://t.co/a0pCvdgjV9",Web3 activities and events
drakefjustin,"the Ethereum Foundation research team will host a Reddit AMA on Jan 11 at 1pm UTC

https://t.co/a0pCvdgjV9",Web3 Activities and Events
drakefjustin,"Introducing SuperNova, which extends Nova to support recursive proofs of multi-instruction virtual machine executions *without* paying for universal circuits (i.e., the cost of proving a program step is proportional only to the size of the circuit for the invoked instruction)! https://t.co/wxmWt7shNt",Web3 Research Output
drakefjustin,"2FA zk-rollups using SGX

https://t.co/BQZAFkNzvp",Web3 Research Output
drakefjustin,Videos from the Columbia CryptoEconomics Workshop (co-hosted with @ethereum) are now up! Includes talks by @barnabemonnot @phildaian @dankrad @adietrichs @drakefjustin @ElaineRShi and yours truly https://t.co/5WCVhLH7qT,Web3 Activities and Events
drakefjustin,"What if we burned the MEV? 1/9 ğŸ§µ 

Here is my first ever ethresearch post exploring a potential way to do it:

https://t.co/2JaJjypgKz",Web3 Research Output
drakefjustin,We did it,Unknown
drakefjustin,"@gametheorizing @VitalikButerin I'm frequently wrong! Thank you for keeping me in check ğŸ˜… 

In April I expected the merge by Augustâ€”wrong. I also expected the ETH supply to peak immediately at the mergeâ€”likely also wrong.

New prediction: the ETH supply will peak under 121M ETH.",Crypto and Markets
drakefjustin,"Is censorship on Ethereum possible? ğŸ¤”

We brought on Ethereum researcher @drakefjustin to explore this question in detail.

Join us as we dive down what is perhaps our most important rabbit hole yet ğŸ‘€

Full: https://t.co/IGZYGe01yB https://t.co/U20ahmXyte",Web3 Research Output
drakefjustin,"@BanklessHQ and here are my Edcon slides on censorship resistance :)

https://t.co/GkCiiVPJTe",web3 activities and events
drakefjustin,"Edcon in an NBA arena (30K capacity) 

happening today at Chase Center, SF

free tickets, https://t.co/5xJrIavvD4 https://t.co/pBm4nwYaNL",Web3 Activities and Events
drakefjustin,@TimBeiko @iamDCinvestor @VitalikButerin @dannyryan @trent_vanepps @0xstark working on a feature-length podcast episode :),Unknown
drakefjustin,"@iamDCinvestor @dannyryan We have compelling gadgets (""CR lists"", ""enshrined PBS + single-slot finality"", ""MEV smoothing"") that address censorship when block builders plus a minority of stake is captured.

When a majority of stake is captured social consensus has to step in.",Web3 Research Output
drakefjustin,"The nation state has no idea how hard the tornado will strike back.

ğŸŒªï¸ we are crypto-economic missionaries
ğŸŒªï¸ we fight for self-sovereignty with code
ğŸŒªï¸ we are all Tornado devs",web3 activities and events
BTC__options,"25,000 BTC options are about to expire with a Put Call Ratio of 0.7, a max pain point of $29,000 and a notional value of $0.72 billion.
217,000 ETH options are about to expire, with a Put Call Ratio of 0.83, a max pain point of $1,950 and a notional value of $0. 42 billion. https://t.co/MIJNPzr5KP",Crypto and Markets
BTC__options,"2.5ä¸‡å¼ BTCæœŸæƒå³å°†åˆ°æœŸï¼ŒPut Call Ratioä¸º0.7ï¼Œæœ€å¤§ç—›ç‚¹29000ç¾å…ƒï¼Œåä¹‰ä»·å€¼7.2äº¿ç¾å…ƒã€‚  
21.7ä¸‡å¼ ETHæœŸæƒå³å°†åˆ°æœŸï¼ŒPut Call Ratioä¸º0.83ï¼Œæœ€å¤§ç—›ç‚¹1950ç¾å…ƒï¼Œåä¹‰ä»·å€¼4.2äº¿ç¾å…ƒã€‚
æœ¬å‘¨å‡ºç°äº†å¹´å†…å•æ—¥æœ€å¤§è·Œå¹…ï¼Œä½†æ˜¯ä¸»è¦æœŸé™æœŸæƒIVååˆ†ç¨³å®šï¼ŒETHçŸ­æœŸIVç”šè‡³å‡ºç°äº†ä¸‹è·Œã€‚ https://t.co/UWSOYnvYeD",Crypto and Markets
BTC__options,"ã€The Cook Capital å¸‚åœºè§‚ç‚¹ã€‘

å½“å‰å¸‚åœºä¼ è¨€ç¾å›½é“¶è¡Œå±æœºå¯èƒ½è¿˜æœªçœŸæ­£è¿‡å»ï¼Œå·´è²ç‰¹åœ¨ä¸Šå‘¨æ¥å—é‡‡è®¿æ—¶ä¹Ÿè¡¨ç¤ºæœªæ¥å¯èƒ½æœ‰æ›´å¤šé“¶è¡Œé¢ä¸´å€’é—­ã€‚

å› æ­¤ï¼Œå¯¹å¸‚åœºè¿‘æœŸé¢„æœŸé«˜æ³¢åŠ¨çš„ï¼Œå¯ä¹°å…¥ 1-2 å‘¨ 0.2 Delta Putã€‚",Crypto and Markets
BTC__options,"ğŸ§­4æœˆ19æ—¥20:00,Deggè€å¸ˆåˆæ¥è®²è¯¾å•¦ï¼

Deggè€å¸ˆå°†ä¸ºå¤§å®¶æ­å¼€ç»æµå­¦åŸºæœ¬è¿è¡Œé€»è¾‘å’Œå¤§ç±»èµ„äº§ç›¸å…³æ€§çš„ç¥ç§˜é¢çº±ï¼
ğŸ“· æƒ³çŸ¥é“å¦‚ä½•ç†è§£å…¨çƒç»æµå½¢åŠ¿ï¼Ÿæƒ³äº†è§£èµ„äº§é…ç½®çš„å…³é”®å› ç´ ï¼Ÿé‚£å°±åƒä¸‡ä¸è¦é”™è¿‡ï¼
ğŸ“·ğŸ“· èµ¶å¿«ç‚¹å‡»æŠ¥åé“¾æ¥æ·»åŠ è‡³ä¼šè®®åˆ—è¡¨ï¼šç»æµè¿è¡Œå’Œå¤§ç±»èµ„äº§çš„åŸºæœ¬é€»è¾‘
https://t.co/Zq0wIIE25m",Web3 Activities and Events
BTC__options,ä»Šæ—¥4ç‚¹äº¤å‰²ç»“æŸåï¼ŒBTCå’ŒETHå‡ºç°å¤§å¹…ä¸‹è·Œï¼Œå‡è·Œç ´æ•´æ•°å…³å£ã€‚ ä¸æ­¤åŒæ—¶ï¼ŒETHå‡ºç°ä¸‰ä¸‡ä½™å¼ å¤§å®—çœ‹è·ŒæœŸæƒï¼Œä¸»è¦ä»¥æœˆåº•çš„æµ…è™šå€¼çœ‹è·Œä¸ºä¸»ï¼Œå å½“æ—¥æ€»æˆäº¤çš„15%ã€‚ è€ŒBTCåˆ™ä¸»è¦ä»¥å–å‡ºçœ‹æ¶¨ä¸ºä¸»ï¼Œæ•´ä½“ä¸»è¦æœŸé™IVæ¯”è¾ƒç¨³å®šï¼Œå¸‚åœºæƒ…ç»ªå¹³é™ã€‚ https://t.co/OM8GN2UYqO,Crypto and Markets
BTC__options,@GuoHunt æœªæ¥ä¼šæ¨å‡ºçš„,Unknown
BTC__options,@louis_zuo æ˜¯çš„ï¼Œç»å¯¹ä»·å€¼ä¹Ÿå¾ˆä½,Unknown
BTC__options,å›åˆ°å·¥ä½œæ—¥ï¼Œæ¯”ç‰¹å¸å¤§å®—æˆäº¤å æ¯”è¶…è¿‡æ€»æˆäº¤ä¸€åŠï¼Œå…¶ä¸­ä¸‰æˆæˆäº¤ä¸ºå¤§å®—çœ‹è·ŒæœŸæƒï¼Œ6æœˆåˆ°æœŸçš„27000/22000/17000çœ‹è·Œå‡å‡ºç°è¶…1000å¸æˆäº¤ã€‚ä¼¼ä¹æœ‰å¤§æˆ·æ­£åœ¨è¿›è¡Œå¤§è§„æ¨¡çš„è¿œæœŸæ·±åº¦è™šå€¼æœŸæƒçš„è°ƒä»“ã€‚ https://t.co/UIeknaESWi,Crypto and Markets
BTC__options,"A recap of top5 blocktrades last week via https://t.co/Gv7LZUc65y, all cleared at @DeribitExchange .

Thanks for your supports! https://t.co/0gG0luA7X2",web3 activities and events
BTC__options,"ğŸ§­4æœˆ19æ—¥20:00,Deggè€å¸ˆåˆæ¥è®²è¯¾å•¦ï¼

Deggè€å¸ˆå°†ä¸ºå¤§å®¶æ­å¼€ç»æµå­¦åŸºæœ¬è¿è¡Œé€»è¾‘å’Œå¤§ç±»èµ„äº§ç›¸å…³æ€§çš„ç¥ç§˜é¢çº±ï¼
ğŸ“· æƒ³çŸ¥é“å¦‚ä½•ç†è§£å…¨çƒç»æµå½¢åŠ¿ï¼Ÿæƒ³äº†è§£èµ„äº§é…ç½®çš„å…³é”®å› ç´ ï¼Ÿé‚£å°±åƒä¸‡ä¸è¦é”™è¿‡ï¼
ğŸ“·ğŸ“· èµ¶å¿«ç‚¹å‡»æŠ¥åé“¾æ¥æ·»åŠ è‡³ä¼šè®®åˆ—è¡¨ï¼šç»æµè¿è¡Œå’Œå¤§ç±»èµ„äº§çš„åŸºæœ¬é€»è¾‘
https://t.co/Zq0wIIE25m",Web3 Activities and Events
BTC__options,@GuoHunt æ˜¯çš„ï¼Œåœ¨https://t.co/8dD5HmCrbo,Unknown
BTC__options,"æœŸæƒç°åœ¨ç«äº‰è¿˜æ²¡æœ‰åƒæœŸè´§ä¸€æ ·æ¿€çƒˆï¼Œè¿˜æœ‰å¾ˆå¤šå¥—åˆ©å’Œäº¤æ˜“ç©ºé—´ï¼Œç”¨å¥½äº†å°±æ˜¯ä½é£é™©æ ¸åŠ¨åŠ›å°é’æœºï¼Œå¯¹å¤§èµ„é‡‘æ¥è¯´æ˜¯å®‰å…¨çš„ç”Ÿæ¯æ¸ é“ï¼Œå¯¹å°èµ„é‡‘ä¹Ÿæœ‰å¤šç§ç©æ³•ã€‚
æƒ³è¦åŠ å…¥å¾®ä¿¡ç¾¤çš„æœ‹å‹ï¼Œå¯ä»¥è”ç³»å¾®ä¿¡ HelloJeff666888ï¼Œå¤‡æ³¨â€œç ”ç©¶é™¢â€ï¼Œå¦‚é‡åˆ°å¾®ä¿¡é™é¢‘ï¼Œå¯ä»¥æ·»åŠ ç”µæŠ¥Jeffmighty785, å¤‡æ³¨â€œç ”ç©¶é™¢â€ã€‚ https://t.co/CFD0ZIwxGJ",Unknown
BTC__options,@jwdav95 å¸‚åœºçœ‹æ·¡æœªæ¥æ³¢åŠ¨,Crypto and Markets
BTC__options,"è¿›å…¥å‘¨æœ«ï¼Œå„ä¸»è¦æœŸé™IVæŒç»­ä¸‹é™ï¼Œç‰¹åˆ«æ˜¯çŸ­æœŸæœŸæƒIVé™å¹…æ˜æ˜¾ï¼Œå•æ—¥é™å¹…è¶…10%ï¼Œç›®å‰çŸ­æœŸIVæ°´å¹³å·²ç»è¾¾åˆ°é“¶è¡Œå±æœºä»¥æ¥çš„æ–°ä½ã€‚
åŒæ—¶ä»VRPçš„è§’åº¦çœ‹ï¼Œç›®å‰çš„IVä¸‹é™ç©ºé—´å¹¶ä¸æ˜¯å¾ˆå¤§äº†ï¼ŒçŸ­çŸ­ä¸‰å¤©ï¼ŒIVä¸RVå·¨å¤§çš„å·®å¼‚å·²ç»è¢«æŠ¹å¹³äº†ã€‚ https://t.co/YsuVnuql98",Crypto and Markets
BTC__options,@0xVeryBigOrange æ„Ÿè°¢å¤§æ©™å­è€å¸ˆçš„æ”¯æŒğŸ¥³,Web3 Meme
BTC__options,@ohxiyu ä¸ºä»€ä¹ˆå¯¹æœŸæƒä¸æ„Ÿå…´è¶£ğŸ¥²,Unknown
BTC__options,"ä¸Šæµ·å‡çº§å¹³ç¨³ç»“æŸï¼Œä»¥å¤ªåŠåœ¨ä»Šå¤©æˆåŠŸçªç ´2000ç¾å…ƒï¼Œå‡çº§å®Œæˆåç´¯è®¡æ¶¨å¹…è¶…10%ï¼Œå„ä¸»è¦æœŸé™IVæ˜æ˜¾åå¼¹ï¼Œäº¤æ˜“çƒ­åº¦ä¹Ÿæ˜æ˜¾è¶…è¿‡æ¯”ç‰¹å¸ï¼Œæˆä¸ºå¸‚åœºé¾™å¤´ã€‚

ä»Šæ™š20:00ï¼Œæˆ‘ä»¬é‚€è¯·åˆ°ç‹å¤§å¨å­æ¥ç»§ç»­è®²ä¸€è®²è¿‘æœŸè¡Œæƒ…åº”è¯¥å¦‚ä½•æ“ä½œï¼Œç‚¹å‡»é“¾æ¥æ·»åŠ è‡³ä¼šè®®åˆ—è¡¨ï¼š
https://t.co/rAfZvmTxwZ https://t.co/Z9fgrYEcUe",Crypto and Markets
BTC__options,"æœ¬å‘¨å¸‚åœºå‘¨æŠ¥å…¨æ–‡é“¾æ¥ï¼š
https://t.co/H3wltJhOaB
ç”µæŠ¥ç¾¤ï¼šhttps://t.co/zIKV4kvdSF
æ–°äººæŒ‡å—ï¼šhttps://t.co/REhrOKpoxy
æ•°æ®å®éªŒå®¤ï¼šhttps://t.co/Xqsaf32rLL
å¾®ä¿¡ç¾¤ï¼šå¸åœˆæŠ•èµ„è¶…è¿‡15ä¸‡ç¾å…ƒçš„æœ‹å‹å¯åŠ å¾®ä¿¡ HelloJeff666888ï¼ŒåŠ å…¥æˆ‘ä»¬æ´»è·ƒçš„å¾®ä¿¡æœŸæƒç¤¾ç¾¤ï¼Œå¤‡æ³¨â€œç ”ç©¶é™¢â€ã€‚",Crypto and Markets
BTC__options,"ã€Deribitå¸‚åœºå‘¨æŠ¥ã€‘0408~0414â€”â€”é¡ºåˆ©å‡çº§
ä»¥å¤ªåŠåœ¨ä»Šå¤©æˆåŠŸçªç ´2000ç¾å…ƒï¼Œå‡çº§å®Œæˆåç´¯è®¡æ¶¨å¹…è¶…10%ï¼Œå„ä¸»è¦æœŸé™IVæ˜æ˜¾åå¼¹ï¼Œäº¤æ˜“çƒ­åº¦ä¹Ÿæ˜æ˜¾è¶…è¿‡æ¯”ç‰¹å¸ï¼Œæˆä¸ºå¸‚åœºé¾™å¤´ã€‚æœ¬è½®ETHä¸Šæ¶¨æœ‰æ•ˆå¸¦åŠ¨å…¶ä»–å¸ç§ï¼Œç‰›å¸‚æ°›å›´æµ“åšã€‚â€¦ https://t.co/9v7sAAItNq https://t.co/RfNn2Zhe5T",Crypto and Markets
BTC__options,@Joylou1209 @xo_Azuki æ¥¼è€æ¿æœŸæƒå¤§èƒœï¼,Unknown
